trade_date,st_code,strategy,closePrice,pct_chg,vol,prev_vol,vol_ratio
20260826,000010.SZ,放量涨幅,1.64,7.19,544643.0,172954.0,3.15
20260826,000027.SZ,跳空缺口,6.41,3.89,649182.0,193487.0,3.36
20260826,300333.SZ,放量涨幅,12.34,16.75,899314.0,204550.0,4.4
20260826,300647.SZ,放量涨幅,6.77,16.32,811912.0,143665.0,5.65
20260826,002072.SZ,放量涨幅,8.09,10.07,299222.0,47228.9,6.34
20260826,002366.SZ,放量涨幅,6.24,10.05,801328.0,191234.0,4.19
20260826,000997.SZ,放量涨幅,20.69,9.99,904052.0,234305.0,3.86
20260826,002942.SZ,放量涨幅,17.28,9.99,58553.2,14361.5,4.08
20260826,002078.SZ,放量涨幅,15.1,8.79,844501.0,100125.0,8.43
20260826,002880.SZ,放量涨幅,24.22,7.41,151358.0,34926.6,4.33
20260826,000010.SZ,放量涨幅,1.64,7.19,544643.0,172954.0,3.15
20260826,300674.SZ,放量涨幅,16.61,6.68,434230.0,140075.0,3.1
20260826,300642.SZ,放量涨幅,17.24,6.42,390288.0,112688.0,3.46
20260826,300647.SZ,跳空缺口,6.77,16.32,811912.0,143665.0,5.65
20260826,002418.SZ,跳空缺口,4.46,10.12,1187960.0,945555.0,1.26
20260826,002084.SZ,跳空缺口,4.79,10.11,33274.7,25551.8,1.3
20260826,002366.SZ,跳空缺口,6.24,10.05,801328.0,191234.0,4.19
20260826,002742.SZ,跳空缺口,5.15,10.04,128712.0,483381.0,0.27
20260826,002703.SZ,跳空缺口,17.46,10.02,735040.0,755367.0,0.97
20260826,002855.SZ,跳空缺口,12.1,10.0,22680.0,47638.9,0.48
20260826,000997.SZ,跳空缺口,20.69,9.99,904052.0,234305.0,3.86
20260826,002963.SZ,跳空缺口,22.35,9.99,103615.0,109929.0,0.94
20260826,000632.SZ,跳空缺口,4.0,9.89,74765.2,65280.2,1.15
20260826,002078.SZ,跳空缺口,15.1,8.79,844501.0,100125.0,8.43
20260826,300122.SZ,跳空缺口,14.17,8.67,1064850.0,475629.0,2.24
20260826,300338.SZ,跳空缺口,3.28,7.89,169751.0,81638.0,2.08
20260826,002880.SZ,跳空缺口,24.22,7.41,151358.0,34926.6,4.33
20260826,002856.SZ,跳空缺口,16.6,7.17,86876.0,47617.4,1.82
20260826,300674.SZ,跳空缺口,16.61,6.68,434230.0,140075.0,3.1
20260826,300642.SZ,跳空缺口,17.24,6.42,390288.0,112688.0,3.46
20260826,002831.SZ,跳空缺口,26.71,6.29,169139.0,70145.2,2.41
20260826,300107.SZ,跳空缺口,6.87,5.86,357482.0,106110.0,3.37
20260826,300142.SZ,跳空缺口,15.26,5.83,3008230.0,2210150.0,1.36
20260826,002034.SZ,跳空缺口,14.34,4.9,200623.0,61911.4,3.24
20260826,300013.SZ,跳空缺口,4.29,4.89,427266.0,130788.0,3.27
20260826,000581.SZ,跳空缺口,18.3,4.63,358300.0,51013.7,7.02
20260826,002250.SZ,跳空缺口,15.67,4.47,195201.0,149946.0,1.3
20260826,002690.SZ,跳空缺口,15.97,4.31,109152.0,26972.6,4.05
20260826,300601.SZ,跳空缺口,13.5,4.25,573305.0,374612.0,1.53
20260826,300577.SZ,跳空缺口,18.25,4.11,49337.9,11907.0,4.14
20260826,002430.SZ,跳空缺口,24.13,3.92,232998.0,102354.0,2.28
20260826,000027.SZ,跳空缺口,6.41,3.89,649182.0,193487.0,3.36
20260826,002686.SZ,跳空缺口,7.06,3.52,937370.0,383041.0,2.45
20260826,002837.SZ,跳空缺口,62.07,3.06,1149540.0,964759.0,1.19
20260826,002067.SZ,跳空缺口,4.14,2.99,615465.0,321823.0,1.91
20260826,002907.SZ,跳空缺口,16.2,2.92,434625.0,168265.0,2.58
20260826,300436.SZ,跳空缺口,94.9,2.87,90570.3,43513.6,2.08
20260826,300327.SZ,跳空缺口,23.39,2.86,155516.0,83711.0,1.86
20260826,002598.SZ,跳空缺口,6.89,2.84,39101.0,18730.0,2.09
20260826,300193.SZ,跳空缺口,7.97,2.84,128789.0,38984.9,3.3
20260826,002985.SZ,跳空缺口,26.17,2.43,56514.2,28061.2,2.01
20260826,002255.SZ,跳空缺口,7.84,1.82,129046.0,87989.7,1.47
20260826,002928.SZ,跳空缺口,6.35,1.6,239778.0,143763.0,1.67
20260826,002051.SZ,跳空缺口,8.61,1.41,339325.0,161909.0,2.1
20260826,000969.SZ,跳空缺口,16.86,1.38,234757.0,143814.0,1.63
20260826,002007.SZ,跳空缺口,13.27,1.07,136855.0,112232.0,1.22
20260826,000733.SZ,跳空缺口,39.9,0.81,120277.0,82099.9,1.47
20260826,000650.SZ,跳空缺口,5.52,0.55,365566.0,233386.0,1.57
20260826,300647.SZ,跳空放量涨幅,6.77,16.32,811912.0,143665.0,5.65
20260826,002366.SZ,跳空放量涨幅,6.24,10.05,801328.0,191234.0,4.19
20260826,000997.SZ,跳空放量涨幅,20.69,9.99,904052.0,234305.0,3.86
20260826,002078.SZ,跳空放量涨幅,15.1,8.79,844501.0,100125.0,8.43
20260826,002880.SZ,跳空放量涨幅,24.22,7.41,151358.0,34926.6,4.33
20260826,300674.SZ,跳空放量涨幅,16.61,6.68,434230.0,140075.0,3.1
20260826,300642.SZ,跳空放量涨幅,17.24,6.42,390288.0,112688.0,3.46
20260826,002072.SZ,放量涨幅,8.09,10.07,299222.0,47228.9,6.34
20260826,002366.SZ,放量涨幅,6.24,10.05,801328.0,191234.0,4.19
20260826,000997.SZ,放量涨幅,20.69,9.99,904052.0,234305.0,3.86
20260826,002078.SZ,放量涨幅,15.1,8.79,844501.0,100125.0,8.43
20260826,000010.SZ,放量涨幅,1.64,7.19,544643.0,172954.0,3.15
20260826,002418.SZ,跳空缺口,4.46,10.12,1187960.0,945555.0,1.26
20260826,002084.SZ,跳空缺口,4.79,10.11,33274.7,25551.8,1.3
20260826,002366.SZ,跳空缺口,6.24,10.05,801328.0,191234.0,4.19
20260826,000997.SZ,跳空缺口,20.69,9.99,904052.0,234305.0,3.86
20260826,000632.SZ,跳空缺口,4.0,9.89,74765.2,65280.2,1.15
20260826,002078.SZ,跳空缺口,15.1,8.79,844501.0,100125.0,8.43
20260826,002034.SZ,跳空缺口,14.34,4.9,200623.0,61911.4,3.24
20260826,000581.SZ,跳空缺口,18.3,4.63,358300.0,51013.7,7.02
20260826,002250.SZ,跳空缺口,15.67,4.47,195201.0,149946.0,1.3
20260826,002430.SZ,跳空缺口,24.13,3.92,232998.0,102354.0,2.28
20260826,000027.SZ,跳空缺口,6.41,3.89,649182.0,193487.0,3.36
20260826,002067.SZ,跳空缺口,4.14,2.99,615465.0,321823.0,1.91
20260826,002255.SZ,跳空缺口,7.84,1.82,129046.0,87989.7,1.47
20260826,002051.SZ,跳空缺口,8.61,1.41,339325.0,161909.0,2.1
20260826,000969.SZ,跳空缺口,16.86,1.38,234757.0,143814.0,1.63
20260826,002007.SZ,跳空缺口,13.27,1.07,136855.0,112232.0,1.22
20260826,000733.SZ,跳空缺口,39.9,0.81,120277.0,82099.9,1.47
20260826,000650.SZ,跳空缺口,5.52,0.55,365566.0,233386.0,1.57
20260826,002366.SZ,跳空放量涨幅,6.24,10.05,801328.0,191234.0,4.19
20260826,000997.SZ,跳空放量涨幅,20.69,9.99,904052.0,234305.0,3.86
20260826,002078.SZ,跳空放量涨幅,15.1,8.79,844501.0,100125.0,8.43
20260826,002072.SZ,放量涨幅,8.09,10.07,299222.0,47228.9,6.34
20260826,002366.SZ,放量涨幅,6.24,10.05,801328.0,191234.0,4.19
20260826,000997.SZ,放量涨幅,20.69,9.99,904052.0,234305.0,3.86
20260826,002078.SZ,放量涨幅,15.1,8.79,844501.0,100125.0,8.43
20260826,000010.SZ,放量涨幅,1.64,7.19,544643.0,172954.0,3.15
20260826,002418.SZ,跳空缺口,4.46,10.12,1187960.0,945555.0,1.26
20260826,002084.SZ,跳空缺口,4.79,10.11,33274.7,25551.8,1.3
20260826,002366.SZ,跳空缺口,6.24,10.05,801328.0,191234.0,4.19
20260826,000997.SZ,跳空缺口,20.69,9.99,904052.0,234305.0,3.86
20260826,000632.SZ,跳空缺口,4.0,9.89,74765.2,65280.2,1.15
20260826,002078.SZ,跳空缺口,15.1,8.79,844501.0,100125.0,8.43
20260826,002034.SZ,跳空缺口,14.34,4.9,200623.0,61911.4,3.24
20260826,000581.SZ,跳空缺口,18.3,4.63,358300.0,51013.7,7.02
20260826,002250.SZ,跳空缺口,15.67,4.47,195201.0,149946.0,1.3
20260826,002430.SZ,跳空缺口,24.13,3.92,232998.0,102354.0,2.28
20260826,000027.SZ,跳空缺口,6.41,3.89,649182.0,193487.0,3.36
20260826,002067.SZ,跳空缺口,4.14,2.99,615465.0,321823.0,1.91
20260826,002255.SZ,跳空缺口,7.84,1.82,129046.0,87989.7,1.47
20260826,002051.SZ,跳空缺口,8.61,1.41,339325.0,161909.0,2.1
20260826,000969.SZ,跳空缺口,16.86,1.38,234757.0,143814.0,1.63
20260826,002007.SZ,跳空缺口,13.27,1.07,136855.0,112232.0,1.22
20260826,000733.SZ,跳空缺口,39.9,0.81,120277.0,82099.9,1.47
20260826,000650.SZ,跳空缺口,5.52,0.55,365566.0,233386.0,1.57
20260826,002366.SZ,跳空放量涨幅,6.24,10.05,801328.0,191234.0,4.19
20260826,000997.SZ,跳空放量涨幅,20.69,9.99,904052.0,234305.0,3.86
20260826,002078.SZ,跳空放量涨幅,15.1,8.79,844501.0,100125.0,8.43
20260826,002072.SZ,放量涨幅,8.09,10.07,299222.0,47228.9,6.34
20260826,002366.SZ,放量涨幅,6.24,10.05,801328.0,191234.0,4.19
20260826,000997.SZ,放量涨幅,20.69,9.99,904052.0,234305.0,3.86
20260826,002078.SZ,放量涨幅,15.1,8.79,844501.0,100125.0,8.43
20260826,000010.SZ,放量涨幅,1.64,7.19,544643.0,172954.0,3.15
20260826,002418.SZ,跳空缺口,4.46,10.12,1187960.0,945555.0,1.26
20260826,002084.SZ,跳空缺口,4.79,10.11,33274.7,25551.8,1.3
20260826,002366.SZ,跳空缺口,6.24,10.05,801328.0,191234.0,4.19
20260826,000997.SZ,跳空缺口,20.69,9.99,904052.0,234305.0,3.86
20260826,000632.SZ,跳空缺口,4.0,9.89,74765.2,65280.2,1.15
20260826,002078.SZ,跳空缺口,15.1,8.79,844501.0,100125.0,8.43
20260826,002034.SZ,跳空缺口,14.34,4.9,200623.0,61911.4,3.24
20260826,000581.SZ,跳空缺口,18.3,4.63,358300.0,51013.7,7.02
20260826,002250.SZ,跳空缺口,15.67,4.47,195201.0,149946.0,1.3
20260826,002430.SZ,跳空缺口,24.13,3.92,232998.0,102354.0,2.28
20260826,000027.SZ,跳空缺口,6.41,3.89,649182.0,193487.0,3.36
20260826,002067.SZ,跳空缺口,4.14,2.99,615465.0,321823.0,1.91
20260826,002255.SZ,跳空缺口,7.84,1.82,129046.0,87989.7,1.47
20260826,002051.SZ,跳空缺口,8.61,1.41,339325.0,161909.0,2.1
20260826,000969.SZ,跳空缺口,16.86,1.38,234757.0,143814.0,1.63
20260826,002007.SZ,跳空缺口,13.27,1.07,136855.0,112232.0,1.22
20260826,000733.SZ,跳空缺口,39.9,0.81,120277.0,82099.9,1.47
20260826,000650.SZ,跳空缺口,5.52,0.55,365566.0,233386.0,1.57
20260826,002366.SZ,跳空放量涨幅,6.24,10.05,801328.0,191234.0,4.19
20260826,000997.SZ,跳空放量涨幅,20.69,9.99,904052.0,234305.0,3.86
20260826,002078.SZ,跳空放量涨幅,15.1,8.79,844501.0,100125.0,8.43
20260826,002072.SZ,放量涨幅,8.09,10.07,299222.0,47228.9,6.34
20260826,002366.SZ,放量涨幅,6.24,10.05,801328.0,191234.0,4.19
20260826,000997.SZ,放量涨幅,20.69,9.99,904052.0,234305.0,3.86
20260826,002078.SZ,放量涨幅,15.1,8.79,844501.0,100125.0,8.43
20260826,000010.SZ,放量涨幅,1.64,7.19,544643.0,172954.0,3.15
20260826,002418.SZ,跳空缺口,4.46,10.12,1187960.0,945555.0,1.26
20260826,002084.SZ,跳空缺口,4.79,10.11,33274.7,25551.8,1.3
20260826,002366.SZ,跳空缺口,6.24,10.05,801328.0,191234.0,4.19
20260826,000997.SZ,跳空缺口,20.69,9.99,904052.0,234305.0,3.86
20260826,000632.SZ,跳空缺口,4.0,9.89,74765.2,65280.2,1.15
20260826,002078.SZ,跳空缺口,15.1,8.79,844501.0,100125.0,8.43
20260826,002034.SZ,跳空缺口,14.34,4.9,200623.0,61911.4,3.24
20260826,000581.SZ,跳空缺口,18.3,4.63,358300.0,51013.7,7.02
20260826,002250.SZ,跳空缺口,15.67,4.47,195201.0,149946.0,1.3
20260826,002430.SZ,跳空缺口,24.13,3.92,232998.0,102354.0,2.28
20260826,000027.SZ,跳空缺口,6.41,3.89,649182.0,193487.0,3.36
20260826,002067.SZ,跳空缺口,4.14,2.99,615465.0,321823.0,1.91
20260826,002255.SZ,跳空缺口,7.84,1.82,129046.0,87989.7,1.47
20260826,002051.SZ,跳空缺口,8.61,1.41,339325.0,161909.0,2.1
20260826,000969.SZ,跳空缺口,16.86,1.38,234757.0,143814.0,1.63
20260826,002007.SZ,跳空缺口,13.27,1.07,136855.0,112232.0,1.22
20260826,000733.SZ,跳空缺口,39.9,0.81,120277.0,82099.9,1.47
20260826,000650.SZ,跳空缺口,5.52,0.55,365566.0,233386.0,1.57
20260826,002366.SZ,跳空放量涨幅,6.24,10.05,801328.0,191234.0,4.19
20260826,000997.SZ,跳空放量涨幅,20.69,9.99,904052.0,234305.0,3.86
20260826,002078.SZ,跳空放量涨幅,15.1,8.79,844501.0,100125.0,8.43
20260826,002072.SZ,放量涨幅,8.09,10.07,299222.0,47228.9,6.34
20260826,002366.SZ,放量涨幅,6.24,10.05,801328.0,191234.0,4.19
20260826,000997.SZ,放量涨幅,20.69,9.99,904052.0,234305.0,3.86
20260826,002078.SZ,放量涨幅,15.1,8.79,844501.0,100125.0,8.43
20260826,000010.SZ,放量涨幅,1.64,7.19,544643.0,172954.0,3.15
20260826,002418.SZ,跳空缺口,4.46,10.12,1187960.0,945555.0,1.26
20260826,002084.SZ,跳空缺口,4.79,10.11,33274.7,25551.8,1.3
20260826,002366.SZ,跳空缺口,6.24,10.05,801328.0,191234.0,4.19
20260826,000997.SZ,跳空缺口,20.69,9.99,904052.0,234305.0,3.86
20260826,000632.SZ,跳空缺口,4.0,9.89,74765.2,65280.2,1.15
20260826,002078.SZ,跳空缺口,15.1,8.79,844501.0,100125.0,8.43
20260826,002034.SZ,跳空缺口,14.34,4.9,200623.0,61911.4,3.24
20260826,000581.SZ,跳空缺口,18.3,4.63,358300.0,51013.7,7.02
20260826,002250.SZ,跳空缺口,15.67,4.47,195201.0,149946.0,1.3
20260826,002430.SZ,跳空缺口,24.13,3.92,232998.0,102354.0,2.28
20260826,000027.SZ,跳空缺口,6.41,3.89,649182.0,193487.0,3.36
20260826,002067.SZ,跳空缺口,4.14,2.99,615465.0,321823.0,1.91
20260826,002255.SZ,跳空缺口,7.84,1.82,129046.0,87989.7,1.47
20260826,002051.SZ,跳空缺口,8.61,1.41,339325.0,161909.0,2.1
20260826,000969.SZ,跳空缺口,16.86,1.38,234757.0,143814.0,1.63
20260826,002007.SZ,跳空缺口,13.27,1.07,136855.0,112232.0,1.22
20260826,000733.SZ,跳空缺口,39.9,0.81,120277.0,82099.9,1.47
20260826,000650.SZ,跳空缺口,5.52,0.55,365566.0,233386.0,1.57
20260826,002366.SZ,跳空放量涨幅,6.24,10.05,801328.0,191234.0,4.19
20260826,000997.SZ,跳空放量涨幅,20.69,9.99,904052.0,234305.0,3.86
20260826,002078.SZ,跳空放量涨幅,15.1,8.79,844501.0,100125.0,8.43
20260826,002072.SZ,放量涨幅,8.09,10.07,299222.0,47228.9,6.34
20260826,002366.SZ,放量涨幅,6.24,10.05,801328.0,191234.0,4.19
20260826,000997.SZ,放量涨幅,20.69,9.99,904052.0,234305.0,3.86
20260826,002078.SZ,放量涨幅,15.1,8.79,844501.0,100125.0,8.43
20260826,000010.SZ,放量涨幅,1.64,7.19,544643.0,172954.0,3.15
20260826,002418.SZ,跳空缺口,4.46,10.12,1187960.0,945555.0,1.26
20260826,002084.SZ,跳空缺口,4.79,10.11,33274.7,25551.8,1.3
20260826,002366.SZ,跳空缺口,6.24,10.05,801328.0,191234.0,4.19
20260826,000997.SZ,跳空缺口,20.69,9.99,904052.0,234305.0,3.86
20260826,000632.SZ,跳空缺口,4.0,9.89,74765.2,65280.2,1.15
20260826,002078.SZ,跳空缺口,15.1,8.79,844501.0,100125.0,8.43
20260826,002034.SZ,跳空缺口,14.34,4.9,200623.0,61911.4,3.24
20260826,000581.SZ,跳空缺口,18.3,4.63,358300.0,51013.7,7.02
20260826,002250.SZ,跳空缺口,15.67,4.47,195201.0,149946.0,1.3
20260826,002430.SZ,跳空缺口,24.13,3.92,232998.0,102354.0,2.28
20260826,000027.SZ,跳空缺口,6.41,3.89,649182.0,193487.0,3.36
20260826,002067.SZ,跳空缺口,4.14,2.99,615465.0,321823.0,1.91
20260826,002255.SZ,跳空缺口,7.84,1.82,129046.0,87989.7,1.47
20260826,002051.SZ,跳空缺口,8.61,1.41,339325.0,161909.0,2.1
20260826,000969.SZ,跳空缺口,16.86,1.38,234757.0,143814.0,1.63
20260826,002007.SZ,跳空缺口,13.27,1.07,136855.0,112232.0,1.22
20260826,000733.SZ,跳空缺口,39.9,0.81,120277.0,82099.9,1.47
20260826,000650.SZ,跳空缺口,5.52,0.55,365566.0,233386.0,1.57
20260826,002366.SZ,跳空放量涨幅,6.24,10.05,801328.0,191234.0,4.19
20260826,000997.SZ,跳空放量涨幅,20.69,9.99,904052.0,234305.0,3.86
20260826,002078.SZ,跳空放量涨幅,15.1,8.79,844501.0,100125.0,8.43
