trade_date,nav,daily_return_pct,benchmark_nav,positions
20240102,1.0,0.0,1.0,0
20240103,0.99867472,-0.132528,0.99718142,20
20240104,0.99569415,-0.298453,0.99472587,20
20240105,0.98064461,-1.511462,0.98043626,20
20240108,0.9630588,-1.793291,0.96425306,20
20240109,0.96865515,0.581101,0.96936056,20
20240110,0.95609095,-1.297076,0.96166208,20
20240111,0.95888504,0.292241,0.97564278,20
20240112,0.95703386,-0.193055,0.96972246,20
20240115,0.95837259,0.139884,0.96851492,20
20240116,0.95099206,-0.770111,0.96478522,20
20240117,0.93390701,-1.79655,0.94391763,20
20240118,0.92006498,-1.482164,0.93751784,20
20240119,0.90803307,-1.307725,0.92714617,20
20240122,0.86074151,-5.208131,0.87968438,20
20240123,0.86562669,0.567554,0.88182906,20
20240124,0.87387733,0.953141,0.8953511,20
20240125,0.90466711,3.523352,0.92414725,20
20240126,0.90535008,0.075494,0.92323449,20
20240129,0.88616093,-2.119528,0.89835507,20
20240130,0.86756999,-2.097919,0.87255191,20
20240131,0.86023662,-0.845278,0.83573488,20
20240201,0.85532708,-0.570719,0.82392038,20
20240202,0.8480069,-0.855834,0.79294887,20
20240205,0.84403089,-0.468866,0.73492725,20
20240206,0.86467738,2.446178,0.74973942,20
20240207,0.8973832,3.78243,0.73988985,20
20240208,0.89913809,0.195556,0.78320074,20
20240219,0.93014161,3.448138,0.80731165,20
20240220,0.9468323,1.794424,0.81723626,20
20240221,0.93860627,-0.868794,0.82989851,20
20240222,0.97069453,3.418713,0.84732324,20
20240223,0.97417756,0.358819,0.86781622,20
20240226,0.96563471,-0.87693,0.87853204,20
20240227,0.9712781,0.584423,0.89973725,20
20240228,0.96013034,-1.147742,0.85199968,20
20240229,0.97257934,1.296595,0.87998917,20
20240301,0.98336971,1.10946,0.88859002,20
20240304,1.00852714,2.558288,0.89005283,20
20240305,1.00266391,-0.581366,0.87852948,20
20240306,1.01169997,0.901205,0.88692968,20
20240307,1.01735945,0.559403,0.88150962,20
20240308,1.01951917,0.212287,0.88938334,20
20240311,0.98917965,-2.975866,0.90448573,20
20240312,0.95368938,-3.587849,0.91440774,20
20240313,0.95255218,-0.119243,0.91533871,20
20240314,0.96245843,1.03997,0.91138381,20
20240315,0.95772723,-0.491574,0.92297851,20
20240318,0.95073263,-0.730333,0.93876448,20
20240319,0.9496364,-0.115304,0.93648891,20
20240320,0.94773186,-0.200555,0.94621446,20
20240321,0.94108301,-0.701554,0.94779109,20
20240322,0.94199163,0.096551,0.93621143,20
20240325,0.94341025,0.150598,0.91705689,20
20240326,0.93644896,-0.737885,0.91793253,20
20240327,0.93130316,-0.549501,0.89211674,20
20240328,0.92871867,-0.277514,0.91014571,20
20240329,0.94366293,1.609127,0.92026759,20
20240401,0.9346359,-0.956596,0.93887673,20
20240402,0.93787433,0.346491,0.93836167,20
20240403,0.95824879,2.172409,0.93197625,20
20240408,0.9625245,0.4462,0.91287728,20
20240409,0.95482138,-0.800303,0.92384375,20
20240410,0.96755833,1.333962,0.90682763,20
20240411,0.99427954,2.761715,0.90909115,20
20240412,1.0016866,0.744968,0.90327563,20
20240415,1.02726741,2.553773,0.87596884,20
20240416,1.02972922,0.239646,0.82511018,20
20240417,1.04753083,1.728766,0.86913257,20
20240418,1.03723298,-0.983059,0.86755252,20
20240419,1.03881918,0.152926,0.86357919,20
20240422,1.00879326,-2.890389,0.85715042,20
20240423,0.97914295,-2.939187,0.86164027,20
20240424,0.98562412,0.661923,0.87573644,20
20240425,0.98583639,0.021536,0.87905656,20
20240426,0.97789739,-0.805306,0.88918215,20
20240429,0.96441117,-1.379103,0.91063567,20
20240430,0.97897101,1.509713,0.90582901,20
20240506,0.99029434,1.156656,0.9236462,20
20240507,0.9923147,0.204016,0.92873705,20
20240508,1.00150237,0.925882,0.91794047,20
20240509,1.01363904,1.211847,0.92847871,20
20240510,1.01779773,0.410274,0.92058444,20
20240513,1.02620863,0.826382,0.90767375,20
20240514,1.02820139,0.194187,0.91482111,20
20240515,1.01371922,-1.408496,0.90926584,20
20240516,0.99639509,-1.708967,0.91338814,20
20240517,0.99169237,-0.471974,0.92345126,20
20240520,1.00565135,1.407592,0.9259302,20
20240521,0.99472217,-1.086776,0.91716509,20
20240522,0.98311053,-1.167325,0.92038087,20
20240523,0.97075746,-1.25653,0.90227976,20
20240524,0.96119095,-0.985468,0.89485136,20
20240527,0.98552494,2.53165,0.89900971,20
20240528,0.97819854,-0.743401,0.88953482,20
20240529,0.98596797,0.794259,0.89080197,20
20240530,0.97018774,-1.600481,0.88390842,20
20240531,0.96975277,-0.044834,0.8883273,20
20240603,0.96847855,-0.131396,0.87265482,20
20240604,0.9858512,1.793809,0.86740767,20
20240605,0.97079363,-1.527367,0.85200108,20
20240606,0.97969853,0.91728,0.82410632,20
20240607,0.97942424,-0.027997,0.83757334,20
20240611,0.97096448,-0.863748,0.8401612,20
20240612,0.9794469,0.873608,0.85029567,20
20240613,0.96689573,-1.281455,0.84442335,20
20240614,0.96344301,-0.357094,0.84542461,20
20240617,0.95448622,-0.929664,0.84140936,20
20240618,0.95546234,0.102266,0.85094055,20
20240619,0.9434545,-1.256757,0.84660392,20
20240620,0.94383284,0.040101,0.82840009,20
20240621,0.94129163,-0.269243,0.82733027,20
20240624,0.93007775,-1.191329,0.8013257,20
20240625,0.92876956,-0.140654,0.80254448,20
20240626,0.92693444,-0.197586,0.82213489,20
20240627,0.90873041,-1.963896,0.80891928,20
20240628,0.92224574,1.487276,0.81206824,20
20240701,0.93733987,1.636671,0.8197542,20
20240702,0.92747991,-1.051909,0.8209322,20
20240703,0.90937225,-1.95235,0.81481505,20
20240704,0.9040025,-0.590491,0.79575149,20
20240705,0.90063126,-0.372924,0.80297851,20
20240708,0.90416514,0.392378,0.78398913,20
20240709,0.91870867,1.608505,0.79576676,20
20240710,0.89897129,-2.148383,0.78981995,20
20240711,0.90226098,0.365939,0.81117142,20
20240712,0.88341756,-2.088466,0.80914898,20
20240715,0.88864026,0.591192,0.79895556,20
20240716,0.88082529,-0.87943,0.79911147,20
20240717,0.84831169,-3.691266,0.79116005,20
20240718,0.85797995,1.139706,0.79080336,20
20240719,0.84989645,-0.942154,0.79398198,20
20240722,0.84413897,-0.677434,0.79723835,20
20240723,0.8291622,-1.774206,0.78419409,20
20240724,0.83750131,1.005727,0.774175,20
20240725,0.82423915,-1.583539,0.77765174,20
20240726,0.82660505,0.287041,0.78908363,20
20240729,0.83173585,0.620708,0.79087974,20
20240730,0.81395832,-2.137401,0.7946903,20
20240731,0.82088504,0.850992,0.81757581,20
20240801,0.82058426,-0.036641,0.81820227,20
20240802,0.81593435,-0.566659,0.80991553,20
20240805,0.79345099,-2.755535,0.79295349,20
20240806,0.78538125,-1.017043,0.80608297,20
20240807,0.78779255,0.307022,0.80634977,20
20240808,0.78396818,-0.485454,0.80534489,20
20240809,0.7826407,-0.169328,0.80017633,20
20240812,0.78504932,0.307755,0.79500601,20
20240813,0.79170562,0.847883,0.79993447,20
20240814,0.79436801,0.336286,0.79688056,20
20240815,0.80112926,0.851148,0.80310893,20
20240816,0.80028037,-0.105962,0.79928352,20
20240819,0.81361039,1.665669,0.79714358,20
20240820,0.80896314,-0.571189,0.78538632,20
20240821,0.80872625,-0.029283,0.78365046,20
20240822,0.81774077,1.114657,0.77314878,20
20240823,0.81199632,-0.702479,0.77015492,20
20240826,0.80239635,-1.182267,0.77760869,20
20240827,0.79742998,-0.618942,0.76835383,20
20240828,0.79357957,-0.482852,0.77135199,20
20240829,0.77563546,-2.26116,0.78077628,20
20240830,0.76086805,-1.903911,0.79417392,20
20240902,0.76374048,0.37752,0.78384339,20
20240903,0.75665743,-0.927416,0.79064519,20
20240904,0.75700461,0.045883,0.78568657,20
20240905,0.7591463,0.282916,0.79225529,20
20240906,0.7546178,-0.596525,0.78025088,20
20240909,0.74722899,-0.979146,0.77885993,20
20240910,0.75192024,0.62782,0.78219874,20
20240911,0.73731083,-1.942947,0.77831521,20
20240912,0.73851133,0.162821,0.77694765,20
20240913,0.72967826,-1.196064,0.76850229,20
20240918,0.72663544,-0.417008,0.76414093,20
20240919,0.72093742,-0.784165,0.78016311,20
20240920,0.71162786,-1.291313,0.7783285,20
20240923,0.71494601,0.466276,0.78013308,20
20240924,0.74093834,3.635565,0.80410791,20
20240925,0.74020239,-0.099327,0.81332696,20
20240926,0.7539605,1.858696,0.83772721,20
20240927,0.7628957,1.185101,0.87310557,20
20240930,0.82003397,7.489657,0.95366092,20
20241008,0.84240133,2.727613,1.01573728,20
20241009,0.78461503,-6.859712,0.9350067,20
20241010,0.79926155,1.866714,0.93837551,20
20241011,0.79251458,-0.844151,0.90821309,20
20241014,0.81394511,2.704119,0.93307804,20
20241015,0.78837766,-3.141176,0.92071986,20
20241016,0.79488113,0.824918,0.9253694,20
20241017,0.78365798,-1.411928,0.92029437,20
20241018,0.79322987,1.221438,0.94401648,20
20241021,0.79333044,0.012678,0.95788609,20
20241022,0.79649124,0.398422,0.96865654,20
20241023,0.80068195,0.526147,0.97184413,20
20241024,0.79504507,-0.704011,0.96982662,20
20241025,0.7957536,0.089119,0.98869854,20
20241028,0.79541471,-0.042588,1.01178213,20
20241029,0.78980057,-0.705812,0.99541568,20
20241030,0.78655133,-0.411401,0.99827578,20
20241031,0.77983351,-0.854086,1.01076899,20
20241101,0.78098407,0.147539,0.98408571,20
20241104,0.78893209,1.017693,1.00150745,20
20241105,0.79866484,1.233662,1.02670107,20
20241106,0.79470928,-0.495272,1.03329352,20
20241107,0.81665723,2.761759,1.0565057,20
20241108,0.80425067,-1.519188,1.05663472,20
20241111,0.80001883,-0.526185,1.07411203,20
20241112,0.79263502,-0.922955,1.06654123,20
20241113,0.79637947,0.472406,1.0674956,20
20241114,0.79048175,-0.740567,1.04143365,20
20241115,0.78458458,-0.746021,1.02474268,20
20241118,0.78910045,0.575574,1.00506391,20
20241119,0.79258015,0.44097,1.02623328,20
20241120,0.79307828,0.06285,1.0459716,20
20241121,0.79245843,-0.078158,1.04909808,20
20241122,0.76168228,-3.883628,1.01714264,20
20241125,0.76105583,-0.082246,1.02995209,20
20241126,0.75768472,-0.442952,1.02243001,20
20241127,0.77044706,1.684387,1.03676096,20
20241128,0.76776958,-0.347524,1.0392292,20
20241129,0.77517596,0.964663,1.05291879,20
20241202,0.78477541,1.238357,1.073348,20
20241203,0.79151243,0.858465,1.07637469,20
20241204,0.78163158,-1.248351,1.06334513,20
20241205,0.77930148,-0.298107,1.07527137,20
20241206,0.78450387,0.66757,1.0855438,20
20241209,0.78225859,-0.286203,1.08514076,20
20241210,0.78318305,0.118178,1.0916304,20
20241211,0.78476808,0.202383,1.10562798,20
20241212,0.79206299,0.929562,1.11746152,20
20241213,0.78236203,-1.224771,1.10069918,20
20241216,0.78026932,-0.267485,1.09619197,20
20241217,0.7734399,-0.875265,1.06199573,20
20241218,0.77756797,0.533729,1.06705032,20
20241219,0.77502458,-0.327096,1.0671113,20
20241220,0.77769185,0.344153,1.07594271,20
20241223,0.7709989,-0.860618,1.03736756,20
20241224,0.78233802,1.470705,1.04569654,20
20241225,0.77441045,-1.013317,1.02780381,20
20241226,0.7746901,0.036111,1.03841761,20
20241227,0.7807118,0.777304,1.04644541,20
20241230,0.78438278,0.470209,1.03780066,20
20241231,0.76286774,-2.742925,1.01562128,20
20250102,0.73620798,-3.494677,0.99984024,20
20250103,0.72273587,-1.829933,0.96699142,20
20250106,0.72377445,0.143702,0.96335133,20
20250107,0.72987924,0.843466,0.98185924,20
20250108,0.72881226,-0.146187,0.98110974,20
20250109,0.72525905,-0.487533,0.98349296,20
20250110,0.71527542,-1.376561,0.95941551,20
20250113,0.71279785,-0.34638,0.96058358,20
20250114,0.73866445,3.628883,0.99921734,20
20250115,0.73929141,0.084877,0.99620736,20
20250116,0.74273952,0.466408,1.00239913,20
20250117,0.74798857,0.706714,1.00261401,20
20250120,0.75355352,0.743989,1.01137917,20
20250121,0.75331701,-0.031386,1.00924681,20
20250122,0.74957742,-0.496417,0.99959358,20
20250123,0.74391007,-0.756072,0.99793107,20
20250124,0.75063442,0.90392,1.00733798,20
20250127,0.74650528,-0.550087,0.99959192,20
20250205,0.74206581,-0.594701,1.00750852,20
20250206,0.75518709,1.768209,1.02580567,21
20250207,0.75849923,0.438586,1.03789821,21
20250210,0.75604557,-0.32349,1.05321513,21
20250211,0.75625545,0.027761,1.05076756,21
20250212,0.76492821,1.146803,1.05964093,21
20250213,0.75450176,-1.363063,1.05196431,21
20250214,0.75927721,0.632928,1.05357641,21
20250217,0.76359346,0.568468,1.06513478,21
20250218,0.75262662,-1.436214,1.04346371,21
20250219,0.76861743,2.124667,1.06188827,21
20250220,0.78491066,2.119809,1.07026133,21
20250221,0.806027,2.690286,1.07668038,21
20250224,0.80136837,-0.577974,1.08063617,21
20250225,0.79223944,-1.139168,1.07609295,21
20250226,0.79841639,0.779682,1.08931098,21
20250227,0.79535602,-0.383305,1.08821889,21
20250228,0.77162897,-2.983199,1.05999575,21
20250303,0.77860768,0.904413,1.06384815,21
20250304,0.78611712,0.964471,1.07451539,21
20250305,0.79146824,0.680703,1.07712753,21
20250306,0.79591256,0.561528,1.0925028,20
20250307,0.79074176,-0.64967,1.08846449,20
20250310,0.79917726,1.066784,1.09387211,20
20250311,0.7917733,-0.926449,1.09877055,20
20250312,0.79390528,0.269267,1.10413228,20
20250313,0.79077184,-0.394687,1.09480156,20
20250314,0.81011785,2.446472,1.11124119,20
20250317,0.80375118,-0.785894,1.11677116,20
20250318,0.81505691,1.406621,1.12190055,20
20250319,0.81461266,-0.054506,1.11786916,20
20250320,0.81472629,0.013949,1.11794508,20
20250321,0.80289665,-1.451977,1.10343252,20
20250324,0.79621582,-0.832091,1.08784476,20
20250325,0.79143701,-0.600191,1.08444952,20
20250326,0.79354842,0.266782,1.09415874,20
20250327,0.79438352,0.105237,1.08857045,20
20250328,0.79462378,0.030244,1.07551307,20
20250331,0.7896972,-0.619989,1.06412039,20
20250401,0.79624169,0.828734,1.07407529,20
20250402,0.80238781,0.77189,1.07582658,20
20250403,0.78880505,-1.692792,1.07069071,20
20250407,0.70573056,-10.531689,0.96292803,20
20250408,0.71105879,0.754996,0.96420426,20
20250409,0.73470315,3.325232,0.98412625,20
20250410,0.74848005,1.875166,1.00805703,20
20250411,0.76039027,1.591254,1.01370146,20
20250414,0.77124469,1.427481,1.03123148,20
20250415,0.77085041,-0.051123,1.03176793,20
20250416,0.76278425,-1.046398,1.01872669,20
20250417,0.76897558,0.811675,1.02399556,20
20250418,0.76837458,-0.078156,1.02246074,20
20250421,0.77560453,0.940941,1.03782439,20
20250422,0.77603375,0.05534,1.03946469,20
20250423,0.78260926,0.847323,1.04549041,20
20250424,0.78465954,0.26198,1.03926217,20
20250425,0.78629532,0.20847,1.04133036,20
20250428,0.78061382,-0.722565,1.02878294,20
20250429,0.80079361,2.585118,1.03611279,20
20250430,0.81006559,1.157849,1.04293121,20
20250506,0.83047491,2.519466,1.06794007,20
20250507,0.83966308,1.106376,1.07510639,20
20250508,0.84427445,0.549192,1.08518851,20
20250509,0.84980251,0.65477,1.0763139,20
20250512,0.85875328,1.053277,1.08842366,20
20250513,0.85414729,-0.536357,1.08745635,20
20250514,0.8556987,0.181632,1.08962545,20
20250515,0.84987369,-0.680731,1.08163643,20
20250516,0.84994991,0.008968,1.08589741,20
20250519,0.85265222,0.317938,1.09515141,20
20250520,0.85087855,-0.208019,1.10438071,20
20250521,0.85436452,0.409691,1.1005681,20
20250522,0.85021331,-0.485883,1.08858601,20
20250523,0.84547799,-0.556956,1.07803926,20
20250526,0.84560889,0.015482,1.08643058,20
20250527,0.84713929,0.180982,1.08894528,20
20250528,0.84241898,-0.557206,1.08589133,20
20250529,0.84389315,0.174993,1.09947332,20
20250530,0.8498694,0.708176,1.08656801,20
20250603,0.86396326,1.658356,1.09401839,20
20250604,0.8825856,2.155455,1.10362275,20
20250605,0.87905457,-0.400078,1.10543257,20
20250606,0.88426166,0.592351,1.10544988,20
20250609,0.8757662,-0.96074,1.11682816,20
20250610,0.86845111,-0.835279,1.11005507,20
20250611,0.87519526,0.776572,1.11565301,20
20250612,0.87296632,-0.254679,1.11693453,20
20250613,0.86671261,-0.716375,1.09930917,20
20250616,0.87477703,0.930462,1.10745184,20
20250617,0.87433977,-0.049985,1.10648889,20
20250618,0.87706114,0.311248,1.10188251,20
20250619,0.86574437,-1.290306,1.08480374,20
20250620,0.86587761,0.01539,1.07817455,20
20250623,0.85838458,-0.865368,1.0927953,20
20250624,0.87481871,1.914541,1.11117904,20
20250625,0.87660552,0.204249,1.11983926,20
20250626,0.87271782,-0.443495,1.11788603,20
20250627,0.87429682,0.180929,1.12262036,20
20250630,0.88634137,1.377628,1.13508643,20
20250701,0.89841964,1.36271,1.13899479,20
20250702,0.88932322,-1.012491,1.13584026,20
20250703,0.88495929,-0.490703,1.14144648,20
20250704,0.89361813,0.978445,1.13320976,20
20250707,0.9014486,0.876265,1.14016925,20
20250708,0.899009,-0.270631,1.15149852,20
20250709,0.90300504,0.444494,1.1504781,20
20250710,0.89863621,-0.483811,1.15297518,20
20250711,0.89017547,-0.941509,1.15568973,20
20250714,0.90193667,1.321223,1.16066965,20
20250715,0.88311013,-2.087346,1.15135731,20
20250716,0.87669852,-0.726027,1.15685799,20
20250717,0.87625061,-0.051091,1.16511758,20
20250718,0.87484878,-0.159981,1.1669282,20
20250721,0.88077058,0.676895,1.18066493,20
20250722,0.88204617,0.144827,1.18414832,20
20250723,0.87637108,-0.643401,1.17650271,20
20250724,0.86346985,-1.472119,1.18905751,20
20250725,0.859468,-0.463462,1.18985844,20
20250728,0.8616205,0.250446,1.19402382,20
20250729,0.85671849,-0.568929,1.19495468,20
20250730,0.86494904,0.960708,1.19054066,20
20250731,0.86681156,0.215333,1.17866422,20
20250801,0.86885904,0.236208,1.18352086,20
20250804,0.89036184,2.474832,1.19468329,20
20250805,0.88861344,-0.19637,1.20474301,20
20250806,0.89516453,0.737226,1.21227658,20
20250807,0.89475321,-0.045949,1.21310152,20
20250808,0.89811419,0.375633,1.21441801,20
20250811,0.91240767,1.591498,1.228887,20
20250812,0.91258051,0.018943,1.22935028,20
20250813,0.92263769,1.10206,1.23578945,20
20250814,0.90637204,-1.762951,1.21771939,20
20250815,0.92419932,1.966883,1.23510628,20
20250818,0.9393653,1.640986,1.24999067,20
20250819,0.94958659,1.088106,1.25691101,20
20250820,0.96631339,1.761482,1.26557884,20
20250821,0.97181847,0.5697,1.26380896,20
20250822,0.98460824,1.316065,1.26917416,20
20250825,1.00015827,1.579312,1.28089304,20
20250826,1.01215395,1.199378,1.28524377,20
20250827,0.98381008,-2.800352,1.25711834,20
20250828,0.97892247,-0.496804,1.26274818,20
20250829,0.9829968,0.416206,1.26025701,20
20250901,0.98582212,0.28742,1.27040945,20
20250902,0.96382607,-2.23124,1.2539237,20
20250903,0.94892636,-1.545892,1.232634,20
20250904,0.93569228,-1.394637,1.22622095,20
20250905,0.95580099,2.149073,1.24984122,20
20250908,0.97692124,2.209691,1.26417573,20
20250909,0.96543353,-1.175909,1.2554502,20
20250910,0.96655922,0.116599,1.25802554,20
20250911,0.98763527,2.180523,1.27339867,20
20250912,0.98689404,-0.07505,1.27286987,20
20250915,0.97805407,-0.895737,1.27237872,20
20250916,0.98983803,1.204838,1.28481555,20
20250917,0.99119198,0.136785,1.28799651,20
20250918,0.97392226,-1.742319,1.27137673,20
20250919,0.9694331,-0.460937,1.26595342,20
20250922,0.97282468,0.349852,1.26581331,20
20250923,0.95909188,-1.411642,1.25216123,20
20250924,0.96987386,1.124187,1.26769912,20
20250925,0.97505034,0.533727,1.26149941,20
20250926,0.97757785,0.259218,1.25357167,20
20250929,0.99165949,1.440462,1.26335371,20
20250930,0.99571787,0.409252,1.26703572,20
20251009,1.00593772,1.02638,1.2752879,20
20251010,1.00685202,0.09089,1.27515352,20
20251013,0.99540546,-1.136866,1.2705088,20
20251014,0.98858891,-0.684802,1.26079869,20
20251015,1.00902586,2.067285,1.27658103,20
20251016,1.00331985,-0.565497,1.26592504,20
20251017,0.96158591,-4.159585,1.2425562,20
20251020,0.97683039,1.585348,1.25650753,20
20251021,0.9954556,1.906699,1.27415983,20
20251022,0.99585582,0.040204,1.27298009,20
20251023,0.99893222,0.30892,1.27580961,20
20251024,1.01905005,2.013933,1.28057225,20
20251027,1.02958936,1.034229,1.28899551,20
20251028,1.01551645,-1.366847,1.29005849,20
20251029,1.01916258,0.359043,1.29314568,20
20251030,0.99841938,-2.035318,1.28092549,20
20251031,1.0057301,0.732229,1.29097256,20
20251103,1.00853785,0.279175,1.30151332,20
20251104,0.99145168,-1.694152,1.29508338,20
20251105,0.98724017,-0.424783,1.30383392,20
20251106,0.99431126,0.716249,1.30856137,20
20251107,0.99311475,-0.120336,1.30780459,20
20251110,0.99027035,-0.286411,1.31628643,20
20251111,1.00381702,1.367976,1.31955716,20
20251112,0.9966781,-0.711177,1.31427643,20
20251113,1.01396512,1.734463,1.32716674,20
20251114,1.01269601,-0.125163,1.32366427,20
20251117,1.01956796,0.67858,1.32733011,20
20251118,1.00988317,-0.949892,1.31361002,20
20251119,0.98413016,-2.550098,1.30096165,20
20251120,0.97326848,-1.103683,1.2928131,20
20251121,0.92847402,-4.602477,1.25062772,20
20251124,0.94603869,1.891778,1.26570888,20
20251125,0.96495293,1.999309,1.28064972,20
20251126,0.96592813,0.101062,1.27671716,20
20251127,0.97386986,0.822187,1.27968383,20
20251128,0.98300175,0.937691,1.29310383,20
20251201,0.98910146,0.620518,1.30081054,20
20251202,0.98707602,-0.204776,1.29625416,20
20251203,0.98851322,0.145602,1.28796076,20
20251204,0.98739969,-0.112647,1.27839411,20
20251205,0.99876255,1.150786,1.2940312,20
20251208,1.00789474,0.91435,1.30318419,20
20251209,0.99910851,-0.87174,1.2956155,20
20251210,1.00499419,0.589092,1.29653441,20
20251211,0.991978,-1.295151,1.27672878,20
20251212,0.99224037,0.026449,1.27805378,20
20251215,0.98678065,-0.550241,1.27715339,20
20251216,0.97574625,-1.118222,1.25906657,20
20251217,0.98020232,0.456683,1.2670428,20
20251218,0.97534138,-0.495912,1.27028043,20
20251219,0.99373642,1.886011,1.28815279,20
20251222,1.00010816,0.64119,1.29503859,20
20251223,1.00853715,0.842807,1.288491,20
20251224,1.00613816,-0.237868,1.30226661,20
20251225,1.01850661,1.229299,1.31324835,20
20251226,1.02224032,0.366587,1.31352667,20
20251229,1.01485043,-0.722911,1.31135334,20
20251230,1.02344387,0.846769,1.30887886,20
20251231,1.02485717,0.138093,1.31046862,20
20260105,1.04126159,1.600655,1.32708223,20
20260106,1.06589221,2.365459,1.34233179,20
20260107,1.06444976,-0.135328,1.34292832,20
20260108,1.05235598,-1.136154,1.35537679,20
20260109,1.0629513,1.00682,1.37088238,20
20260112,1.05896966,-0.374584,1.39517061,20
20260113,1.05546189,-0.331243,1.38221523,20
20260114,1.06601186,0.99956,1.38905644,20
20260115,1.07516376,0.858518,1.38348,20
20260116,1.06564148,-0.885659,1.3805359,20
20260119,1.07373155,0.759173,1.39413843,20
20260120,1.06698117,-0.628684,1.38988608,20
20260121,1.07863787,1.092494,1.39789855,20
20260122,1.0859977,0.682326,1.40979766,20
20260123,1.10212811,1.485309,1.42677808,20
20260126,1.08968364,-1.129131,1.41465328,20
20260127,1.08703801,-0.24279,1.41044338,20
20260128,1.0832577,-0.347762,1.40467273,20
20260129,1.05782925,-2.347405,1.39841816,20
20260130,1.05232958,-0.519902,1.39420071,20
20260202,1.0081174,-4.201362,1.36667876,20
20260203,1.03506915,2.673473,1.39247309,20
20260204,1.03531527,0.023778,1.40040261,20
20260205,1.02044741,-1.43607,1.39064999,20
20260206,1.01738107,-0.30049,1.39358353,20
20260209,1.03229518,1.465932,1.41450866,20
20260210,1.03897612,0.647193,1.41544448,20
20260211,1.04499995,0.579785,1.41365465,20
20260212,1.04224453,-0.263676,1.41129843,20
20260213,1.02779551,-1.386337,1.40201787,20
20260224,1.05089697,2.247671,1.42026568,20
20260225,1.06597885,1.435143,1.43331127,20
20260226,1.08309266,1.605455,1.43633216,20
20260227,1.09492145,1.092131,1.44612022,20
20260302,1.09370842,-0.110787,1.42526612,20
20260303,1.05841832,-3.226646,1.38640047,20
20260304,1.04752026,-1.029656,1.38034974,19
20260305,1.0790337,3.008385,1.39482821,19
20260306,1.0885158,0.878759,1.41466735,19
20260309,1.0852897,-0.296377,1.40595609,19
20260310,1.10511232,1.826482,1.42572886,19
20260311,1.10446986,-0.058135,1.42616983,19
20260312,1.09882857,-0.510769,1.41765116,19
20260313,1.08893661,-0.900228,1.40761601,19
20260316,1.07323187,-1.442209,1.40885063,19
20260317,1.04625989,-2.513155,1.38671994,19
20260318,1.06922329,2.194809,1.39829952,19
20260319,1.04397606,-2.361269,1.3693543,19
20260320,1.02081334,-2.218702,1.34144138,19
20260323,0.96905451,-5.070352,1.28147047,19
20260324,1.00015646,3.209515,1.320476,19
20260325,1.0232195,2.305943,1.34397942,19
20260326,1.0101911,-1.273275,1.32755746,19
20260327,1.00969043,-0.049562,1.34375564,19
20260330,1.01126859,0.156302,1.34824127,19
20260331,0.98211667,-2.882708,1.33150627,19
20260401,0.99229014,1.035872,1.34877414,20
20260402,0.98767662,-0.464937,1.3304666,20
20260403,0.96692815,-2.100735,1.30374337,20
20260407,0.98093718,1.448818,1.32074652,20
20260408,1.00824049,2.78339,1.3633168,20
20260409,1.02068782,1.23456,1.3507618,20
20260410,1.03732016,1.629523,1.36120845,20
20260413,1.037856,0.051657,1.36306561,20
20260414,1.03724428,-0.058941,1.37364624,20
20260415,1.03468388,-0.246847,1.36843656,20
20260416,1.0483062,1.316568,1.38596624,20
20260417,1.0482258,-0.007669,1.38623006,20
20260420,1.05396775,0.547777,1.39562997,20
20260421,1.07411562,1.911622,1.39304345,20
20260422,1.08271753,0.800836,1.39749568,20
20260423,1.07170903,-1.016747,1.38513137,20
20260424,1.06687587,-0.450977,1.37948154,20
20260427,1.06904398,0.20322,1.38772641,20
20260428,1.06808684,-0.089532,1.3770926,20
20260429,1.07879033,1.002118,1.39274,20
20260430,1.09018899,1.056615,1.395792,20
20260506,1.09918198,0.824902,1.41275612,20
20260507,1.10720591,0.729991,1.42479603,20
20260508,1.10843586,0.111086,1.43646313,20
20260511,1.12496486,1.491201,1.4463585,20
20260512,1.12154086,-0.304366,1.43435435,20
20260513,1.12759034,0.53939,1.44477916,20
20260514,1.11429636,-1.178973,1.42272396,20
20260515,1.12106672,0.607591,1.41456644,20
20260518,1.12518544,0.367392,1.41362298,20
20260519,1.13644342,1.000545,1.4238751,20
20260520,1.14025901,0.335748,1.41318075,20
20260521,1.11025535,-2.631302,1.37888608,20
20260522,1.12218863,1.074823,1.39753766,20
20260525,1.10321092,-1.691134,1.39657159,20
20260526,1.09530557,-0.716576,1.38154012,20
20260527,1.07823514,-1.558509,1.35824023,20
20260528,1.07928221,0.09711,1.36396284,20
20260529,1.06734915,-1.105647,1.33977779,20
20260601,1.07201667,0.4373,1.354246,20
20260602,1.05914373,-1.200816,1.3426575,20
20260603,1.04448786,-1.383747,1.33621245,20
20260604,1.01912231,-2.428516,1.32252607,20
20260605,1.00612214,-1.275624,1.32567053,20
20260608,0.99110842,-1.492236,1.29261836,20
20260609,1.00309366,1.209275,1.30416318,20
20260610,0.98229463,-2.073488,1.28944338,20
20260611,0.96323992,-1.939815,1.27652606,20
20260612,0.96805653,0.500042,1.28950234,20
20260615,0.97785084,1.01175,1.31015911,20
20260616,0.98033797,0.254346,1.31637198,20
20260617,0.97165778,-0.885428,1.30712824,20
20260618,0.97074539,-0.0939,1.30090316,20
20260622,0.95791932,-1.32126,1.3087523,20
20260623,0.94716037,-1.123159,1.3068643,20
20260624,0.946398,-0.08049,1.29124778,20
20260625,0.9179309,-3.007942,1.27517544,20
20260626,0.90266547,-1.663026,1.24648818,20
20260629,0.91164906,0.995228,1.24511689,20
20260630,0.90445883,-0.788706,1.2549415,20
20260701,0.90573703,0.141322,1.27902255,14
20260702,0.90285575,-0.318114,1.27375175,14
20260703,0.91544341,1.394205,1.28684483,14
20260706,0.90296602,-1.362988,1.27472901,14
20260707,0.89364644,-1.032107,1.2437522,14
20260708,0.89325703,-0.043576,1.22806828,14
20260709,0.88748803,-0.645839,1.23108374,14
20260710,0.89311784,0.634354,1.24155186,14
20260713,0.86275162,-3.400024,1.19977992,14
20260714,0.86889139,0.711649,1.21628164,14
20260715,0.87399416,0.587274,1.22096489,14
20260716,0.85299766,-2.402361,1.21579781,14
20260717,0.82694792,-3.053906,1.16932644,14
20260720,0.8355983,1.046061,1.14766055,14
20260721,0.82140726,-1.698308,1.15741235,14
20260722,0.8071468,-1.736101,1.14903996,14
20260723,0.81962514,1.54598,1.16993999,14
20260724,0.81538288,-0.517584,1.14298789,14
20260727,0.82727484,1.458451,1.17347183,14
20260728,0.81937963,-0.954364,1.16863876,14
20260729,0.81629815,-0.376075,1.18263755,12
20260730,0.8236256,0.897644,1.16608167,12
20260731,0.82224974,-0.167049,1.19135262,12
20260803,0.81488619,-0.895536,1.2072038,12
20260804,0.80180036,-1.605848,1.22458813,12
20260805,0.80668419,0.609108,1.24117538,12
20260806,0.80391086,-0.343794,1.24653506,12
20260807,0.79626023,-0.951676,1.25329124,12
20260810,0.79627123,0.001381,1.27117122,12
20260811,0.79743444,0.146082,1.2667348,12
20260812,0.79778995,0.044582,1.28027664,12
20260813,0.79747734,-0.039185,1.26795251,12
20260814,0.78377866,-1.717751,1.26847507,12
20260817,0.79151197,0.98667,1.28663735,12
20260818,0.79047715,-0.13074,1.28413367,12
20260819,0.77996941,-1.329291,1.24109219,12
20260820,0.7833006,0.427092,1.25551451,12
20260821,0.7776475,-0.721702,1.25548107,12
20260824,0.78222628,0.588798,1.24941958,12
20260825,0.78460047,0.303518,1.25885068,12
20260826,0.78472352,0.015683,1.26092118,12
20260827,0.7807747,-0.503212,1.26668179,12
20260828,0.79461567,1.772723,1.26895544,12
