ts_code,signal_date,entry_date,entry_open,horizon,exit_date,exit_close,return_pct,mfe_pct,mae_pct,signal_gain_pct,signal_r_squared,signal_up_ratio,signal_max_drawdown_pct
000006.SZ,20230816,20230817,5.64,5,20230823,5.38,-4.6099290780141855,4.432624113475181,-7.269503546099276,32.8054298642534,0.8369741583723086,0.6896551724137931,9.948542024013724
000006.SZ,20230816,20230817,5.64,10,20230830,5.81,3.014184397163122,8.15602836879432,-9.042553191489356,32.8054298642534,0.8369741583723086,0.6896551724137931,9.948542024013724
000006.SZ,20230816,20230817,5.64,20,20230913,4.73,-16.134751773049636,8.15602836879432,-18.617021276595747,32.8054298642534,0.8369741583723086,0.6896551724137931,9.948542024013724
000006.SZ,20230816,20230817,5.64,60,20231116,4.52,-19.8581560283688,8.15602836879432,-26.773049645390067,32.8054298642534,0.8369741583723086,0.6896551724137931,9.948542024013724
000010.SZ,20230803,20230804,2.86,5,20230810,2.68,-6.293706293706281,5.24475524475525,-6.99300699300699,42.512077294686016,0.8026887098082273,0.6896551724137931,8.771929824561402
000010.SZ,20230803,20230804,2.86,10,20230817,2.87,0.34965034965035446,5.24475524475525,-11.538461538461542,42.512077294686016,0.8026887098082273,0.6896551724137931,8.771929824561402
000010.SZ,20230803,20230804,2.86,20,20230831,3.23,12.937062937062937,33.21678321678323,-11.538461538461542,42.512077294686016,0.8026887098082273,0.6896551724137931,8.771929824561402
000010.SZ,20230803,20230804,2.86,60,20231103,3.99,39.51048951048952,53.4965034965035,-11.538461538461542,42.512077294686016,0.8026887098082273,0.6896551724137931,8.771929824561402
000014.SZ,20230803,20230804,15.28,5,20230810,14.0,-8.376963350785338,0.0,-10.274869109947637,36.30686886708295,0.8386784017754064,0.6206896551724138,4.455869751499568
000014.SZ,20230803,20230804,15.28,10,20230817,14.09,-7.787958115183247,0.0,-12.303664921465963,36.30686886708295,0.8386784017754064,0.6206896551724138,4.455869751499568
000014.SZ,20230803,20230804,15.28,20,20230831,14.12,-7.59162303664922,3.7303664921465973,-13.678010471204182,36.30686886708295,0.8386784017754064,0.6206896551724138,4.455869751499568
000014.SZ,20230803,20230804,15.28,60,20231103,10.87,-28.861256544502623,3.7303664921465973,-29.31937172774869,36.30686886708295,0.8386784017754064,0.6206896551724138,4.455869751499568
000014.SZ,20230804,20230807,14.48,5,20230811,14.3,-1.2430939226519278,2.4861878453038555,-5.317679558011045,34.03863845446183,0.8550742239611255,0.6206896551724138,4.646596858638738
000014.SZ,20230804,20230807,14.48,10,20230818,13.61,-6.008287292817682,2.4861878453038555,-7.458563535911599,34.03863845446183,0.8550742239611255,0.6206896551724138,4.646596858638738
000014.SZ,20230804,20230807,14.48,20,20230901,13.76,-4.972375690607745,9.461325966850831,-8.908839779005529,34.03863845446183,0.8550742239611255,0.6206896551724138,4.646596858638738
000014.SZ,20230804,20230807,14.48,60,20231106,11.3,-21.96132596685083,9.461325966850831,-25.41436464088398,34.03863845446183,0.8550742239611255,0.6206896551724138,4.646596858638738
000415.SZ,20230810,20230811,2.76,5,20230817,2.71,-1.8115942028985477,1.449275362318847,-4.347826086956507,30.476190476190478,0.8032530535351453,0.8275862068965517,3.521126760563368
000415.SZ,20230810,20230811,2.76,10,20230824,2.64,-4.347826086956507,1.449275362318847,-5.072463768115931,30.476190476190478,0.8032530535351453,0.8275862068965517,3.521126760563368
000415.SZ,20230810,20230811,2.76,20,20230907,2.63,-4.710144927536231,3.9855072463768293,-6.521739130434778,30.476190476190478,0.8032530535351453,0.8275862068965517,3.521126760563368
000415.SZ,20230810,20230811,2.76,60,20231110,2.26,-18.11594202898551,3.9855072463768293,-18.47826086956521,30.476190476190478,0.8032530535351453,0.8275862068965517,3.521126760563368
000514.SZ,20230807,20230808,4.93,5,20230814,4.93,0.0,8.519269776876271,-4.462474645030423,31.23359580052493,0.8051678646574061,0.6896551724137931,5.482041587901701
000514.SZ,20230807,20230808,4.93,10,20230821,5.12,3.8539553752535483,30.223123732251533,-4.462474645030423,31.23359580052493,0.8051678646574061,0.6896551724137931,5.482041587901701
000514.SZ,20230807,20230808,4.93,20,20230904,4.91,-0.40567951318457585,30.223123732251533,-4.462474645030423,31.23359580052493,0.8051678646574061,0.6896551724137931,5.482041587901701
000514.SZ,20230807,20230808,4.93,60,20231107,4.4,-10.75050709939147,30.223123732251533,-16.227180527383368,31.23359580052493,0.8051678646574061,0.6896551724137931,5.482041587901701
000514.SZ,20230808,20230809,5.05,5,20230815,4.92,-2.5742574257425765,3.7623762376237657,-6.732673267326728,32.453825857519774,0.828543212245364,0.7241379310344828,5.482041587901701
000514.SZ,20230808,20230809,5.05,10,20230822,5.21,3.168316831683171,27.12871287128713,-6.732673267326728,32.453825857519774,0.828543212245364,0.7241379310344828,5.482041587901701
000514.SZ,20230808,20230809,5.05,20,20230905,4.91,-2.7722772277227636,27.12871287128713,-7.326732673267333,32.453825857519774,0.828543212245364,0.7241379310344828,5.482041587901701
000514.SZ,20230808,20230809,5.05,60,20231108,4.43,-12.277227722772277,27.12871287128713,-18.217821782178213,32.453825857519774,0.828543212245364,0.7241379310344828,5.482041587901701
000514.SZ,20230809,20230810,4.91,5,20230816,5.41,10.183299389002043,10.183299389002043,-4.073319755600813,32.439678284182314,0.8392227945220239,0.7241379310344828,6.616257088846875
000514.SZ,20230809,20230810,4.91,10,20230823,5.28,7.535641547861505,30.75356415478614,-4.073319755600813,32.439678284182314,0.8392227945220239,0.7241379310344828,6.616257088846875
000514.SZ,20230809,20230810,4.91,20,20230906,4.98,1.4256619144602967,30.75356415478614,-4.684317718940944,32.439678284182314,0.8392227945220239,0.7241379310344828,6.616257088846875
000514.SZ,20230809,20230810,4.91,60,20231109,4.43,-9.775967413441967,30.75356415478614,-15.885947046843185,32.439678284182314,0.8392227945220239,0.7241379310344828,6.616257088846875
000514.SZ,20230816,20230817,5.67,5,20230823,5.28,-6.878306878306873,13.227513227513231,-12.874779541446202,37.659033078880405,0.8415099243753266,0.6551724137931034,7.372400756143661
000514.SZ,20230816,20230817,5.67,10,20230830,6.07,7.054673721340388,13.227513227513231,-12.874779541446202,37.659033078880405,0.8415099243753266,0.6551724137931034,7.372400756143661
000514.SZ,20230816,20230817,5.67,20,20230913,4.69,-17.28395061728394,13.227513227513231,-18.87125220458554,37.659033078880405,0.8415099243753266,0.6551724137931034,7.372400756143661
000514.SZ,20230816,20230817,5.67,60,20231116,4.5,-20.63492063492064,13.227513227513231,-27.160493827160494,37.659033078880405,0.8415099243753266,0.6551724137931034,7.372400756143661
000514.SZ,20230817,20230818,6.07,5,20230824,5.48,-9.71993410214168,5.766062602965394,-18.616144975288297,51.01522842639594,0.8425775510786537,0.6551724137931034,7.372400756143661
000514.SZ,20230817,20230818,6.07,10,20230831,5.46,-10.049423393739708,5.766062602965394,-18.616144975288297,51.01522842639594,0.8425775510786537,0.6551724137931034,7.372400756143661
000514.SZ,20230817,20230818,6.07,20,20230914,4.7,-22.570016474464584,5.766062602965394,-24.2174629324547,51.01522842639594,0.8425775510786537,0.6551724137931034,7.372400756143661
000514.SZ,20230817,20230818,6.07,60,20231117,4.43,-27.018121911037895,5.766062602965394,-31.960461285008247,51.01522842639594,0.8425775510786537,0.6551724137931034,7.372400756143661
000514.SZ,20230818,20230821,5.56,5,20230825,5.78,3.9568345323741205,5.395683453237421,-11.151079136690633,41.47582697201016,0.8551523147812301,0.6551724137931034,7.372400756143661
000514.SZ,20230818,20230821,5.56,10,20230901,5.08,-8.633093525179847,14.388489208633114,-11.151079136690633,41.47582697201016,0.8551523147812301,0.6551724137931034,7.372400756143661
000514.SZ,20230818,20230821,5.56,20,20230915,4.81,-13.48920863309353,14.388489208633114,-17.266187050359715,41.47582697201016,0.8551523147812301,0.6551724137931034,7.372400756143661
000514.SZ,20230818,20230821,5.56,60,20231120,4.45,-19.964028776978402,14.388489208633114,-25.71942446043165,41.47582697201016,0.8551523147812301,0.6551724137931034,7.372400756143661
000589.SZ,20230802,20230803,7.11,5,20230809,6.97,-1.9690576652602099,0.2812939521800173,-4.500703234880454,33.958724202626634,0.8879288551785046,0.6551724137931034,3.7257824143070044
000589.SZ,20230802,20230803,7.11,10,20230816,6.74,-5.203938115330519,1.1251758087201136,-6.329113924050633,33.958724202626634,0.8879288551785046,0.6551724137931034,3.7257824143070044
000589.SZ,20230802,20230803,7.11,20,20230830,7.36,3.5161744022503605,6.891701828410679,-6.891701828410691,33.958724202626634,0.8879288551785046,0.6551724137931034,3.7257824143070044
000589.SZ,20230802,20230803,7.11,60,20231102,6.41,-9.845288326300983,6.891701828410679,-15.47116736990155,33.958724202626634,0.8879288551785046,0.6551724137931034,3.7257824143070044
000589.SZ,20230803,20230804,7.06,5,20230810,7.1,0.56657223796035,1.1331444759206777,-3.82436260623229,30.370370370370363,0.8784277101813721,0.6206896551724138,3.7257824143070044
000589.SZ,20230803,20230804,7.06,10,20230817,6.88,-2.5495750708215303,1.8413597733711207,-6.232294617563728,30.370370370370363,0.8784277101813721,0.6206896551724138,3.7257824143070044
000589.SZ,20230803,20230804,7.06,20,20230831,7.45,5.524079320113318,7.64872521246458,-6.232294617563728,30.370370370370363,0.8784277101813721,0.6206896551724138,3.7257824143070044
000589.SZ,20230803,20230804,7.06,60,20231103,6.45,-8.640226628895176,7.64872521246458,-14.872521246458925,30.370370370370363,0.8784277101813721,0.6206896551724138,3.7257824143070044
000752.SZ,20230808,20230809,6.83,5,20230815,8.72,27.672035139092245,27.672035139092245,-1.024890190336758,70.92731829573935,0.8168943278775642,0.7586206896551724,2.5882352941176547
000752.SZ,20230808,20230809,6.83,10,20230822,9.12,33.52855051244508,47.877013177159576,-1.024890190336758,70.92731829573935,0.8168943278775642,0.7586206896551724,2.5882352941176547
000752.SZ,20230808,20230809,6.83,20,20230905,8.25,20.79062957540263,47.877013177159576,-1.024890190336758,70.92731829573935,0.8168943278775642,0.7586206896551724,2.5882352941176547
000752.SZ,20230808,20230809,6.83,60,20231108,6.92,1.317715959004384,89.45827232796486,-4.099560761346998,70.92731829573935,0.8168943278775642,0.7586206896551724,2.5882352941176547
000752.SZ,20230809,20230810,7.26,5,20230816,9.16,26.170798898071634,26.170798898071634,-1.377410468319551,79.89949748743719,0.8350444624124227,0.7931034482758621,2.5882352941176547
000752.SZ,20230809,20230810,7.26,10,20230823,8.66,19.283746556473822,39.11845730027548,-1.377410468319551,79.89949748743719,0.8350444624124227,0.7931034482758621,2.5882352941176547
000752.SZ,20230809,20230810,7.26,20,20230906,7.84,7.9889807162534465,39.11845730027548,-2.754820936639124,79.89949748743719,0.8350444624124227,0.7931034482758621,2.5882352941176547
000752.SZ,20230809,20230810,7.26,60,20231109,6.99,-3.7190082644628086,78.23691460055096,-9.779614325068875,79.89949748743719,0.8350444624124227,0.7931034482758621,2.5882352941176547
000752.SZ,20230810,20230811,7.9,5,20230817,9.62,21.77215189873416,21.77215189873416,-0.8860759493670933,87.99999999999999,0.8485693633847265,0.7931034482758621,2.5882352941176547
000752.SZ,20230810,20230811,7.9,10,20230824,8.23,4.177215189873418,27.848101265822777,-0.8860759493670933,87.99999999999999,0.8485693633847265,0.7931034482758621,2.5882352941176547
000752.SZ,20230810,20230811,7.9,20,20230907,8.12,2.784810126582271,27.848101265822777,-10.632911392405076,87.99999999999999,0.8485693633847265,0.7931034482758621,2.5882352941176547
000752.SZ,20230810,20230811,7.9,60,20231110,7.34,-7.088607594936713,63.797468354430364,-17.08860759493671,87.99999999999999,0.8485693633847265,0.7931034482758621,2.5882352941176547
000752.SZ,20230811,20230814,8.3,5,20230818,9.14,10.120481927710845,21.68674698795179,-0.9638554216867434,94.1031941031941,0.8599259168493998,0.7931034482758621,2.5882352941176547
000752.SZ,20230811,20230814,8.3,10,20230825,7.82,-5.783132530120483,21.68674698795179,-5.783132530120483,94.1031941031941,0.8599259168493998,0.7931034482758621,2.5882352941176547
000752.SZ,20230811,20230814,8.3,20,20230908,7.93,-4.45783132530122,21.68674698795179,-14.939759036144595,94.1031941031941,0.8599259168493998,0.7931034482758621,2.5882352941176547
000752.SZ,20230811,20230814,8.3,60,20231113,7.55,-9.036144578313266,55.903614457831296,-21.084337349397597,94.1031941031941,0.8599259168493998,0.7931034482758621,2.5882352941176547
000752.SZ,20230814,20230815,8.72,5,20230821,9.6,10.091743119266038,15.825688073394485,-5.733944954128445,103.93120393120394,0.8718843699609262,0.7931034482758621,2.5882352941176547
000752.SZ,20230814,20230815,8.72,10,20230828,7.43,-14.793577981651385,15.825688073394485,-14.793577981651385,103.93120393120394,0.8718843699609262,0.7931034482758621,2.5882352941176547
000752.SZ,20230814,20230815,8.72,20,20230911,8.33,-4.472477064220193,15.825688073394485,-19.036697247706435,103.93120393120394,0.8718843699609262,0.7931034482758621,2.5882352941176547
000752.SZ,20230814,20230815,8.72,60,20231114,7.93,-9.05963302752295,48.394495412844016,-24.885321100917434,103.93120393120394,0.8718843699609262,0.7931034482758621,2.5882352941176547
000752.SZ,20230815,20230816,9.0,5,20230822,9.12,1.3333333333333197,12.222222222222223,-2.777777777777779,115.30864197530866,0.8818179696263834,0.8275862068965517,2.5882352941176547
000752.SZ,20230815,20230816,9.0,10,20230829,7.8,-13.33333333333333,12.222222222222223,-21.55555555555556,115.30864197530866,0.8818179696263834,0.8275862068965517,2.5882352941176547
000752.SZ,20230815,20230816,9.0,20,20230912,8.75,-2.777777777777779,12.222222222222223,-21.55555555555556,115.30864197530866,0.8818179696263834,0.8275862068965517,2.5882352941176547
000752.SZ,20230815,20230816,9.0,60,20231115,7.71,-14.333333333333332,43.777777777777786,-27.222222222222225,115.30864197530866,0.8818179696263834,0.8275862068965517,2.5882352941176547
000752.SZ,20230816,20230817,9.16,5,20230823,8.66,-5.458515283842791,10.26200873362444,-5.458515283842791,115.52941176470588,0.8895263991836608,0.8275862068965517,2.5882352941176547
000752.SZ,20230816,20230817,9.16,10,20230830,7.82,-14.628820960698686,10.26200873362444,-22.92576419213974,115.52941176470588,0.8895263991836608,0.8275862068965517,2.5882352941176547
000752.SZ,20230816,20230817,9.16,20,20230913,9.19,0.3275109170305601,10.26200873362444,-22.92576419213974,115.52941176470588,0.8895263991836608,0.8275862068965517,2.5882352941176547
000752.SZ,20230816,20230817,9.16,60,20231116,7.33,-19.978165938864635,41.26637554585153,-28.493449781659397,115.52941176470588,0.8895263991836608,0.8275862068965517,2.5882352941176547
000752.SZ,20230817,20230818,10.08,5,20230824,8.23,-18.353174603174605,0.1984126984126977,-18.353174603174605,129.59427207637228,0.9025082156618198,0.8620689655172413,1.8957345971564
000752.SZ,20230817,20230818,10.08,10,20230831,7.43,-26.289682539682545,0.1984126984126977,-29.960317460317466,129.59427207637228,0.9025082156618198,0.8620689655172413,1.8957345971564
000752.SZ,20230817,20230818,10.08,20,20230914,9.65,-4.265873015873012,0.1984126984126977,-29.960317460317466,129.59427207637228,0.9025082156618198,0.8620689655172413,1.8957345971564
000752.SZ,20230817,20230818,10.08,60,20231117,6.96,-30.952380952380953,28.37301587301586,-35.019841269841265,129.59427207637228,0.9025082156618198,0.8620689655172413,1.8957345971564
000752.SZ,20230818,20230821,8.8,5,20230825,7.82,-11.136363636363644,9.090909090909083,-11.136363636363644,116.58767772511851,0.9223642144479952,0.8275862068965517,4.989604989604976
000752.SZ,20230818,20230821,8.8,10,20230901,7.8,-11.363636363636376,9.090909090909083,-19.772727272727288,116.58767772511851,0.9223642144479952,0.8275862068965517,4.989604989604976
000752.SZ,20230818,20230821,8.8,20,20230915,10.13,15.113636363636363,15.113636363636363,-19.772727272727288,116.58767772511851,0.9223642144479952,0.8275862068965517,4.989604989604976
000752.SZ,20230818,20230821,8.8,60,20231120,6.99,-20.56818181818182,47.045454545454525,-25.568181818181824,116.58767772511851,0.9223642144479952,0.8275862068965517,4.989604989604976
000752.SZ,20230821,20230822,9.12,5,20230828,7.43,-18.53070175438596,4.166666666666674,-18.53070175438596,131.8840579710145,0.9391863186198236,0.8620689655172413,4.989604989604976
000752.SZ,20230821,20230822,9.12,10,20230904,8.19,-10.197368421052634,4.166666666666674,-22.587719298245613,131.8840579710145,0.9391863186198236,0.8620689655172413,4.989604989604976
000752.SZ,20230821,20230822,9.12,20,20230918,10.64,16.666666666666675,16.666666666666675,-22.587719298245613,131.8840579710145,0.9391863186198236,0.8620689655172413,4.989604989604976
000752.SZ,20230821,20230822,9.12,60,20231121,7.32,-19.736842105263154,41.88596491228071,-28.1798245614035,131.8840579710145,0.9391863186198236,0.8620689655172413,4.989604989604976
000752.SZ,20230822,20230823,8.66,5,20230829,7.8,-9.930715935334877,4.734411085450341,-18.47575057736721,119.23076923076921,0.9509224064570211,0.8275862068965517,5.197505197505198
000752.SZ,20230822,20230823,8.66,10,20230905,8.25,-4.734411085450352,4.734411085450341,-18.47575057736721,119.23076923076921,0.9509224064570211,0.8275862068965517,5.197505197505198
000752.SZ,20230822,20230823,8.66,20,20230919,11.17,28.9838337182448,28.9838337182448,-18.47575057736721,119.23076923076921,0.9509224064570211,0.8275862068965517,5.197505197505198
000752.SZ,20230822,20230823,8.66,60,20231122,7.36,-15.011547344110854,49.422632794457265,-24.364896073903008,119.23076923076921,0.9509224064570211,0.8275862068965517,5.197505197505198
000752.SZ,20230823,20230824,8.23,5,20230830,7.82,-4.981773997569872,10.206561360874854,-14.216281895504256,107.177033492823,0.951771672887081,0.7931034482758621,9.97920997920997
000752.SZ,20230823,20230824,8.23,10,20230906,7.84,-4.73876063183476,10.206561360874854,-14.216281895504256,107.177033492823,0.951771672887081,0.7931034482758621,9.97920997920997
000752.SZ,20230823,20230824,8.23,20,20230920,11.73,42.5273390036452,42.5273390036452,-14.216281895504256,107.177033492823,0.951771672887081,0.7931034482758621,9.97920997920997
000752.SZ,20230823,20230824,8.23,60,20231123,7.12,-13.48724179829891,57.22964763061966,-20.413122721749698,107.177033492823,0.951771672887081,0.7931034482758621,9.97920997920997
000826.SZ,20230817,20230818,3.96,5,20230824,4.68,18.181818181818166,34.5959595959596,-0.2525252525252486,34.628975265017665,0.8163133662518802,0.6896551724137931,2.727272727272723
000826.SZ,20230817,20230818,3.96,10,20230831,4.02,1.5151515151515138,34.5959595959596,-3.282828282828276,34.628975265017665,0.8163133662518802,0.6896551724137931,2.727272727272723
000826.SZ,20230817,20230818,3.96,20,20230914,4.6,16.161616161616156,34.5959595959596,-6.313131313131315,34.628975265017665,0.8163133662518802,0.6896551724137931,2.727272727272723
000826.SZ,20230817,20230818,3.96,60,20231117,3.18,-19.696969696969692,34.5959595959596,-23.232323232323225,34.628975265017665,0.8163133662518802,0.6896551724137931,2.727272727272723
000897.SZ,20230801,20230802,2.63,5,20230808,2.63,0.0,4.942965779467667,-1.520912547528519,37.500000000000014,0.8844486575020813,0.6206896551724138,6.91244239631336
000897.SZ,20230801,20230802,2.63,10,20230815,2.66,1.1406844106463865,7.2243346007604625,-4.182509505703413,37.500000000000014,0.8844486575020813,0.6206896551724138,6.91244239631336
000897.SZ,20230801,20230802,2.63,20,20230829,3.15,19.771863117870716,21.292775665399244,-4.182509505703413,37.500000000000014,0.8844486575020813,0.6206896551724138,6.91244239631336
000897.SZ,20230801,20230802,2.63,60,20231101,2.23,-15.209125475285168,21.292775665399244,-15.969581749049432,37.500000000000014,0.8844486575020813,0.6206896551724138,6.91244239631336
000897.SZ,20230802,20230803,2.66,5,20230809,2.69,1.1278195488721776,5.639097744360888,-2.6315789473684292,43.31550802139038,0.911108473885836,0.6551724137931034,6.91244239631336
000897.SZ,20230802,20230803,2.66,10,20230816,2.81,5.639097744360888,8.646616541353392,-5.263157894736848,43.31550802139038,0.911108473885836,0.6551724137931034,6.91244239631336
000897.SZ,20230802,20230803,2.66,20,20230830,3.09,16.16541353383458,19.924812030075188,-5.263157894736848,43.31550802139038,0.911108473885836,0.6551724137931034,6.91244239631336
000897.SZ,20230802,20230803,2.66,60,20231102,2.24,-15.78947368421052,19.924812030075188,-16.91729323308271,43.31550802139038,0.911108473885836,0.6551724137931034,6.91244239631336
000897.SZ,20230803,20230804,2.74,5,20230810,2.7,-1.4598540145985384,2.5547445255474477,-5.474452554744536,44.91978609625667,0.9257004883272553,0.6551724137931034,6.91244239631336
000897.SZ,20230803,20230804,2.74,10,20230817,2.78,1.4598540145985162,5.474452554744524,-8.029197080291972,44.91978609625667,0.9257004883272553,0.6551724137931034,6.91244239631336
000897.SZ,20230803,20230804,2.74,20,20230831,2.91,6.2043795620437825,16.423357664233574,-8.029197080291972,44.91978609625667,0.9257004883272553,0.6551724137931034,6.91244239631336
000897.SZ,20230803,20230804,2.74,60,20231103,2.23,-18.613138686131393,16.423357664233574,-19.34306569343066,44.91978609625667,0.9257004883272553,0.6551724137931034,6.91244239631336
000897.SZ,20230804,20230807,2.63,5,20230811,2.68,1.9011406844106515,7.2243346007604625,-1.520912547528519,45.901639344262286,0.9331677216621884,0.6551724137931034,6.91244239631336
000897.SZ,20230804,20230807,2.63,10,20230818,2.66,1.1406844106463865,9.88593155893538,-4.182509505703413,45.901639344262286,0.9331677216621884,0.6551724137931034,6.91244239631336
000897.SZ,20230804,20230807,2.63,20,20230901,2.73,3.802281368821303,21.292775665399244,-4.182509505703413,45.901639344262286,0.9331677216621884,0.6551724137931034,6.91244239631336
000897.SZ,20230804,20230807,2.63,60,20231106,2.29,-12.927756653992395,21.292775665399244,-15.969581749049432,45.901639344262286,0.9331677216621884,0.6551724137931034,6.91244239631336
000897.SZ,20230807,20230808,2.61,5,20230814,2.66,1.9157088122605526,8.045977011494255,-3.4482758620689613,39.36170212765958,0.9258476642331978,0.6206896551724138,6.91244239631336
000897.SZ,20230807,20230808,2.61,10,20230821,2.63,0.766283524904221,10.727969348659006,-3.4482758620689613,39.36170212765958,0.9258476642331978,0.6206896551724138,6.91244239631336
000897.SZ,20230807,20230808,2.61,20,20230904,2.73,4.597701149425282,22.222222222222232,-3.4482758620689613,39.36170212765958,0.9258476642331978,0.6206896551724138,6.91244239631336
000897.SZ,20230807,20230808,2.61,60,20231107,2.28,-12.643678160919547,22.222222222222232,-15.325670498084287,39.36170212765958,0.9258476642331978,0.6206896551724138,6.91244239631336
000897.SZ,20230808,20230809,2.62,5,20230815,2.66,1.526717557251911,7.6335877862595325,-3.8167938931297773,39.8936170212766,0.918693066798036,0.6206896551724138,6.91244239631336
000897.SZ,20230808,20230809,2.62,10,20230822,2.64,0.7633587786259444,10.305343511450381,-3.8167938931297773,39.8936170212766,0.918693066798036,0.6206896551724138,6.91244239631336
000897.SZ,20230808,20230809,2.62,20,20230905,2.63,0.3816793893129722,21.75572519083968,-3.8167938931297773,39.8936170212766,0.918693066798036,0.6206896551724138,6.91244239631336
000897.SZ,20230808,20230809,2.62,60,20231108,2.33,-11.068702290076338,21.75572519083968,-15.64885496183207,39.8936170212766,0.918693066798036,0.6206896551724138,6.91244239631336
000897.SZ,20230809,20230810,2.66,5,20230816,2.81,5.639097744360888,8.646616541353392,-5.263157894736848,44.62365591397848,0.9135451156640214,0.6551724137931034,6.91244239631336
000897.SZ,20230809,20230810,2.66,10,20230823,2.61,-1.8796992481203145,8.646616541353392,-5.263157894736848,44.62365591397848,0.9135451156640214,0.6551724137931034,6.91244239631336
000897.SZ,20230809,20230810,2.66,20,20230906,2.64,-0.7518796992481258,19.924812030075188,-5.263157894736848,44.62365591397848,0.9135451156640214,0.6551724137931034,6.91244239631336
000897.SZ,20230809,20230810,2.66,60,20231109,2.31,-13.157894736842113,19.924812030075188,-16.91729323308271,44.62365591397848,0.9135451156640214,0.6551724137931034,6.91244239631336
000897.SZ,20230810,20230811,2.73,5,20230817,2.78,1.831501831501825,5.860805860805862,-7.692307692307687,42.105263157894754,0.9034337479169663,0.6551724137931034,6.91244239631336
000897.SZ,20230810,20230811,2.73,10,20230824,2.6,-4.761904761904756,5.860805860805862,-7.692307692307687,42.105263157894754,0.9034337479169663,0.6551724137931034,6.91244239631336
000897.SZ,20230810,20230811,2.73,20,20230907,2.6,-4.761904761904756,16.849816849816857,-7.692307692307687,42.105263157894754,0.9034337479169663,0.6551724137931034,6.91244239631336
000897.SZ,20230810,20230811,2.73,60,20231110,2.27,-16.849816849816847,16.849816849816857,-19.047619047619047,42.105263157894754,0.9034337479169663,0.6551724137931034,6.91244239631336
000897.SZ,20230811,20230814,2.59,5,20230818,2.66,2.7027027027027195,11.583011583011604,-2.7027027027026973,39.58333333333335,0.8876953388162012,0.6206896551724138,6.91244239631336
000897.SZ,20230811,20230814,2.59,10,20230825,2.66,2.7027027027027195,11.583011583011604,-2.7027027027026973,39.58333333333335,0.8876953388162012,0.6206896551724138,6.91244239631336
000897.SZ,20230811,20230814,2.59,20,20230908,2.56,-1.158301158301156,23.166023166023166,-2.7027027027026973,39.58333333333335,0.8876953388162012,0.6206896551724138,6.91244239631336
000897.SZ,20230811,20230814,2.59,60,20231113,2.29,-11.583011583011583,23.166023166023166,-14.671814671814666,39.58333333333335,0.8876953388162012,0.6206896551724138,6.91244239631336
000897.SZ,20230814,20230815,2.67,5,20230821,2.63,-1.4981273408239737,8.239700374531832,-1.872659176029956,40.000000000000014,0.8643793211855975,0.6206896551724138,6.91244239631336
000897.SZ,20230814,20230815,2.67,10,20230828,2.9,8.614232209737827,9.737827715355806,-3.745318352059923,40.000000000000014,0.8643793211855975,0.6206896551724138,6.91244239631336
000897.SZ,20230814,20230815,2.67,20,20230911,2.53,-5.243445692883897,19.475655430711612,-6.367041198501866,40.000000000000014,0.8643793211855975,0.6206896551724138,6.91244239631336
000897.SZ,20230814,20230815,2.67,60,20231114,2.33,-12.734082397003743,19.475655430711612,-17.228464419475653,40.000000000000014,0.8643793211855975,0.6206896551724138,6.91244239631336
000897.SZ,20230815,20230816,2.66,5,20230822,2.64,-0.7518796992481258,8.646616541353392,-1.8796992481203145,39.2670157068063,0.8359441042019832,0.6206896551724138,6.91244239631336
000897.SZ,20230815,20230816,2.66,10,20230829,3.15,18.421052631578938,19.924812030075188,-3.383458646616555,39.2670157068063,0.8359441042019832,0.6206896551724138,6.91244239631336
000897.SZ,20230815,20230816,2.66,20,20230912,2.5,-6.015037593984962,19.924812030075188,-6.3909774436090245,39.2670157068063,0.8359441042019832,0.6206896551724138,6.91244239631336
000897.SZ,20230815,20230816,2.66,60,20231115,2.3,-13.533834586466176,19.924812030075188,-16.91729323308271,39.2670157068063,0.8359441042019832,0.6206896551724138,6.91244239631336
000897.SZ,20230816,20230817,2.78,5,20230823,2.61,-6.1151079136690605,1.7985611510791477,-6.474820143884886,45.5958549222798,0.828524429411598,0.6206896551724138,6.91244239631336
000897.SZ,20230816,20230817,2.78,10,20230830,3.09,11.151079136690644,14.748201438848918,-7.5539568345323715,45.5958549222798,0.828524429411598,0.6206896551724138,6.91244239631336
000897.SZ,20230816,20230817,2.78,20,20230913,2.48,-10.79136690647482,14.748201438848918,-11.151079136690633,45.5958549222798,0.828524429411598,0.6206896551724138,6.91244239631336
000897.SZ,20230816,20230817,2.78,60,20231116,2.29,-17.62589928057553,14.748201438848918,-20.503597122302153,45.5958549222798,0.828524429411598,0.6206896551724138,6.91244239631336
000926.SZ,20230803,20230804,5.51,5,20230810,5.13,-6.896551724137934,0.5444646098003769,-8.166969147005442,33.90663390663391,0.818952918043659,0.7586206896551724,2.9545454545454723
000926.SZ,20230803,20230804,5.51,10,20230817,5.0,-9.255898366606164,0.5444646098003769,-11.433756805807615,33.90663390663391,0.818952918043659,0.7586206896551724,2.9545454545454723
000926.SZ,20230803,20230804,5.51,20,20230831,4.79,-13.067150635208701,0.5444646098003769,-15.245009074410165,33.90663390663391,0.818952918043659,0.7586206896551724,2.9545454545454723
000926.SZ,20230803,20230804,5.51,60,20231103,4.32,-21.59709618874772,0.5444646098003769,-24.68239564428312,33.90663390663391,0.818952918043659,0.7586206896551724,2.9545454545454723
000926.SZ,20230804,20230807,5.25,5,20230811,5.1,-2.857142857142869,0.7619047619047636,-3.6190476190476217,33.74999999999999,0.8345739166162244,0.7586206896551724,2.9545454545454723
000926.SZ,20230804,20230807,5.25,10,20230818,4.89,-6.857142857142861,0.7619047619047636,-7.0476190476190474,33.74999999999999,0.8345739166162244,0.7586206896551724,2.9545454545454723
000926.SZ,20230804,20230807,5.25,20,20230901,4.73,-9.904761904761894,0.7619047619047636,-11.047619047619051,33.74999999999999,0.8345739166162244,0.7586206896551724,2.9545454545454723
000926.SZ,20230804,20230807,5.25,60,20231106,4.43,-15.61904761904762,0.7619047619047636,-20.952380952380945,33.74999999999999,0.8345739166162244,0.7586206896551724,2.9545454545454723
000971.SZ,20230816,20230817,2.14,5,20230823,2.13,-0.4672897196261738,3.2710280373831724,-6.542056074766355,37.88819875776398,0.8022138912343812,0.6551724137931034,8.074534161490691
000971.SZ,20230816,20230817,2.14,10,20230830,2.1,-1.869158878504673,3.2710280373831724,-7.476635514018692,37.88819875776398,0.8022138912343812,0.6551724137931034,8.074534161490691
000971.SZ,20230816,20230817,2.14,20,20230913,1.93,-9.81308411214954,3.2710280373831724,-10.747663551401876,37.88819875776398,0.8022138912343812,0.6551724137931034,8.074534161490691
000971.SZ,20230816,20230817,2.14,60,20231116,1.91,-10.747663551401876,3.738317757009346,-15.420560747663558,37.88819875776398,0.8022138912343812,0.6551724137931034,8.074534161490691
000971.SZ,20230817,20230818,2.1,5,20230824,2.07,-1.4285714285714457,5.238095238095242,-4.761904761904767,31.874999999999986,0.8423908440703541,0.6551724137931034,9.82905982905983
000971.SZ,20230817,20230818,2.1,10,20230831,2.07,-1.4285714285714457,5.238095238095242,-5.714285714285716,31.874999999999986,0.8423908440703541,0.6551724137931034,9.82905982905983
000971.SZ,20230817,20230818,2.1,20,20230914,1.92,-8.571428571428575,5.238095238095242,-11.904761904761907,31.874999999999986,0.8423908440703541,0.6551724137931034,9.82905982905983
000971.SZ,20230817,20230818,2.1,60,20231117,1.9,-9.523809523809534,5.714285714285716,-13.809523809523816,31.874999999999986,0.8423908440703541,0.6551724137931034,9.82905982905983
001234.SZ,20230811,20230814,37.36,5,20230818,38.26,2.4089935760171377,3.774089935760183,-1.525695931477522,50.42287555376562,0.800984950516205,0.7241379310344828,6.616052060737533
001234.SZ,20230811,20230814,37.36,10,20230825,29.11,-22.08244111349037,8.13704496788008,-22.08244111349037,50.42287555376562,0.800984950516205,0.7241379310344828,6.616052060737533
001234.SZ,20230811,20230814,37.36,20,20230908,24.4,-34.68950749464669,8.13704496788008,-34.95717344753747,50.42287555376562,0.800984950516205,0.7241379310344828,6.616052060737533
001234.SZ,20230811,20230814,37.36,60,20231113,23.59,-36.857601713062095,8.13704496788008,-42.45182012847965,50.42287555376562,0.800984950516205,0.7241379310344828,6.616052060737533
001234.SZ,20230814,20230815,37.71,5,20230821,39.51,4.773269689737458,6.523468575974545,-1.0872447626624315,50.51834130781501,0.8175954412744579,0.7241379310344828,6.616052060737533
001234.SZ,20230814,20230815,37.71,10,20230828,27.58,-26.862901087244772,7.133386369663208,-30.28374436488995,50.51834130781501,0.8175954412744579,0.7241379310344828,6.616052060737533
001234.SZ,20230814,20230815,37.71,20,20230911,23.74,-37.04587642535137,7.133386369663208,-38.84911164147441,50.51834130781501,0.8175954412744579,0.7241379310344828,6.616052060737533
001234.SZ,20230814,20230815,37.71,60,20231114,23.42,-37.89445770352692,7.133386369663208,-42.98594537258021,50.51834130781501,0.8175954412744579,0.7241379310344828,6.616052060737533
001234.SZ,20230815,20230816,37.98,5,20230822,38.49,1.3428120063191384,6.371774618220116,-1.3428120063191051,52.34281137364838,0.8321574754235588,0.7586206896551724,6.616052060737533
001234.SZ,20230815,20230816,37.98,10,20230829,27.46,-27.698788836229582,6.371774618220116,-30.779357556608733,52.34281137364838,0.8321574754235588,0.7586206896551724,6.616052060737533
001234.SZ,20230815,20230816,37.98,20,20230912,23.57,-37.94102159031068,6.371774618220116,-39.283833596629805,52.34281137364838,0.8321574754235588,0.7586206896551724,6.616052060737533
001234.SZ,20230815,20230816,37.98,60,20231115,23.38,-38.44128488678251,6.371774618220116,-43.39125855713532,52.34281137364838,0.8321574754235588,0.7586206896551724,6.616052060737533
001234.SZ,20230816,20230817,38.0,5,20230823,35.93,-5.447368421052634,6.315789473684208,-5.868421052631567,52.37335460710013,0.8408990554637891,0.7586206896551724,6.616052060737533
001234.SZ,20230816,20230817,38.0,10,20230830,26.95,-29.07894736842106,6.315789473684208,-30.81578947368421,52.37335460710013,0.8408990554637891,0.7586206896551724,6.616052060737533
001234.SZ,20230816,20230817,38.0,20,20230913,23.26,-38.78947368421052,6.315789473684208,-39.63157894736842,52.37335460710013,0.8408990554637891,0.7586206896551724,6.616052060737533
001234.SZ,20230816,20230817,38.0,60,20231116,22.97,-39.55263157894737,6.315789473684208,-43.42105263157895,52.37335460710013,0.8408990554637891,0.7586206896551724,6.616052060737533
001234.SZ,20230817,20230818,38.11,5,20230824,32.34,-15.140383101548139,6.0089215429021126,-15.140383101548139,48.85169326586221,0.8449243817985264,0.7586206896551724,6.616052060737533
001234.SZ,20230817,20230818,38.11,10,20230831,25.51,-33.06218840199422,6.0089215429021126,-34.164261348727365,48.85169326586221,0.8449243817985264,0.7586206896551724,6.616052060737533
001234.SZ,20230817,20230818,38.11,20,20230914,23.33,-38.78247179218053,6.0089215429021126,-39.80582524271844,48.85169326586221,0.8449243817985264,0.7586206896551724,6.616052060737533
001234.SZ,20230817,20230818,38.11,60,20231117,23.05,-39.51718709000262,6.0089215429021126,-43.584361060089215,48.85169326586221,0.8449243817985264,0.7586206896551724,6.616052060737533
001234.SZ,20230818,20230821,38.27,5,20230825,29.11,-23.935197282466692,5.565717272014625,-23.935197282466692,47.72200772200772,0.8477824188720181,0.7586206896551724,6.616052060737533
001234.SZ,20230818,20230821,38.27,10,20230901,25.8,-32.58426966292135,5.565717272014625,-34.4395087535929,47.72200772200772,0.8477824188720181,0.7586206896551724,6.616052060737533
001234.SZ,20230818,20230821,38.27,20,20230915,23.9,-37.54899399007056,5.565717272014625,-40.057486281682785,47.72200772200772,0.8477824188720181,0.7586206896551724,6.616052060737533
001234.SZ,20230818,20230821,38.27,60,20231120,23.39,-38.88163051998955,5.565717272014625,-43.820224719101134,47.72200772200772,0.8477824188720181,0.7586206896551724,6.616052060737533
001234.SZ,20230821,20230822,39.9,5,20230828,27.58,-30.877192982456148,1.2531328320801949,-34.11027568922306,48.53383458646615,0.8538065783278739,0.7586206896551724,6.616052060737533
001234.SZ,20230821,20230822,39.9,10,20230904,26.1,-34.58646616541353,1.2531328320801949,-37.11779448621554,48.53383458646615,0.8538065783278739,0.7586206896551724,6.616052060737533
001234.SZ,20230821,20230822,39.9,20,20230918,24.01,-39.82456140350876,1.2531328320801949,-42.506265664160395,48.53383458646615,0.8538065783278739,0.7586206896551724,6.616052060737533
001234.SZ,20230821,20230822,39.9,60,20231121,23.73,-40.52631578947368,1.2531328320801949,-46.11528822055138,48.53383458646615,0.8538065783278739,0.7586206896551724,6.616052060737533
001234.SZ,20230822,20230823,38.74,5,20230829,27.46,-29.117191533298914,0.15487867836860847,-32.13732576148685,41.40337986774432,0.8523137870913405,0.7241379310344828,6.616052060737533
001234.SZ,20230822,20230823,38.74,10,20230905,25.7,-33.660299432111515,0.15487867836860847,-35.23489932885906,41.40337986774432,0.8523137870913405,0.7241379310344828,6.616052060737533
001234.SZ,20230822,20230823,38.74,20,20230919,23.69,-38.84873515745999,0.15487867836860847,-40.78471863706763,41.40337986774432,0.8523137870913405,0.7241379310344828,6.616052060737533
001234.SZ,20230822,20230823,38.74,60,20231122,24.59,-36.52555498193082,0.15487867836860847,-44.5018069179143,41.40337986774432,0.8523137870913405,0.7241379310344828,6.616052060737533
001234.SZ,20230823,20230824,35.53,5,20230830,26.95,-24.148606811145513,0.5910498170560219,-26.006191950464398,30.18115942028985,0.8203099163967259,0.6896551724137931,9.060997215894705
001234.SZ,20230823,20230824,35.53,10,20230906,25.47,-28.314100759921203,0.5910498170560219,-29.383619476498733,30.18115942028985,0.8203099163967259,0.6896551724137931,9.060997215894705
001234.SZ,20230823,20230824,35.53,20,20230920,23.23,-34.618632141851954,0.5910498170560219,-35.434843793976924,30.18115942028985,0.8203099163967259,0.6896551724137931,9.060997215894705
001234.SZ,20230823,20230824,35.53,60,20231123,23.94,-32.62032085561497,0.5910498170560219,-39.48775682521812,30.18115942028985,0.8203099163967259,0.6896551724137931,9.060997215894705
002400.SZ,20230807,20230808,6.97,5,20230814,6.27,-10.04304160688666,5.595408895265441,-14.347202295552364,42.71047227926078,0.8066326541709583,0.6206896551724138,9.789156626506017
002400.SZ,20230807,20230808,6.97,10,20230821,5.83,-16.355810616929702,5.595408895265441,-17.50358680057389,42.71047227926078,0.8066326541709583,0.6206896551724138,9.789156626506017
002400.SZ,20230807,20230808,6.97,20,20230904,5.82,-16.499282639885216,5.595408895265441,-19.65566714490674,42.71047227926078,0.8066326541709583,0.6206896551724138,9.789156626506017
002400.SZ,20230807,20230808,6.97,60,20231107,5.51,-20.946915351506455,5.595408895265441,-32.13773314203729,42.71047227926078,0.8066326541709583,0.6206896551724138,9.789156626506017
002400.SZ,20230808,20230809,6.72,5,20230815,6.11,-9.077380952380942,1.7857142857142794,-11.16071428571429,43.578947368421055,0.8251259411754758,0.6206896551724138,9.789156626506017
002400.SZ,20230808,20230809,6.72,10,20230822,6.08,-9.523809523809524,1.7857142857142794,-14.434523809523803,43.578947368421055,0.8251259411754758,0.6206896551724138,9.789156626506017
002400.SZ,20230808,20230809,6.72,20,20230905,5.66,-15.773809523809524,1.7857142857142794,-16.666666666666675,43.578947368421055,0.8251259411754758,0.6206896551724138,9.789156626506017
002400.SZ,20230808,20230809,6.72,60,20231108,5.76,-14.28571428571429,1.7857142857142794,-29.613095238095234,43.578947368421055,0.8251259411754758,0.6206896551724138,9.789156626506017
002694.SZ,20230801,20230802,7.5,5,20230808,8.4,12.00000000000001,17.733333333333334,-1.0666666666666713,32.34782608695653,0.83514213680342,0.6896551724137931,7.9012345679012315
002694.SZ,20230801,20230802,7.5,10,20230815,7.99,6.5333333333333465,17.733333333333334,-1.0666666666666713,32.34782608695653,0.83514213680342,0.6896551724137931,7.9012345679012315
002694.SZ,20230801,20230802,7.5,20,20230829,6.75,-9.999999999999998,17.733333333333334,-11.6,32.34782608695653,0.83514213680342,0.6896551724137931,7.9012345679012315
002694.SZ,20230801,20230802,7.5,60,20231101,6.37,-15.066666666666661,17.733333333333334,-15.733333333333333,32.34782608695653,0.83514213680342,0.6896551724137931,7.9012345679012315
002694.SZ,20230802,20230803,7.84,5,20230809,8.28,5.612244897959173,12.627551020408156,-1.5306122448979553,39.215686274509785,0.8316367618464429,0.7241379310344828,7.9012345679012315
002694.SZ,20230802,20230803,7.84,10,20230816,8.11,3.4438775510204023,12.627551020408156,-1.913265306122447,39.215686274509785,0.8316367618464429,0.7241379310344828,7.9012345679012315
002694.SZ,20230802,20230803,7.84,20,20230830,6.85,-12.627551020408168,12.627551020408156,-15.433673469387754,39.215686274509785,0.8316367618464429,0.7241379310344828,7.9012345679012315
002694.SZ,20230802,20230803,7.84,60,20231102,6.28,-19.897959183673464,12.627551020408156,-20.1530612244898,39.215686274509785,0.8316367618464429,0.7241379310344828,7.9012345679012315
002694.SZ,20230803,20230804,7.77,5,20230810,7.74,-0.3861003861003742,13.642213642213651,-1.0296010296010238,41.31627056672762,0.8186976827840335,0.7241379310344828,7.9012345679012315
002694.SZ,20230803,20230804,7.77,10,20230817,7.94,2.187902187902191,13.642213642213651,-1.0296010296010238,41.31627056672762,0.8186976827840335,0.7241379310344828,7.9012345679012315
002694.SZ,20230803,20230804,7.77,20,20230831,6.9,-11.196911196911186,13.642213642213651,-14.671814671814666,41.31627056672762,0.8186976827840335,0.7241379310344828,7.9012345679012315
002694.SZ,20230803,20230804,7.77,60,20231103,6.44,-17.117117117117107,13.642213642213651,-19.562419562419553,41.31627056672762,0.8186976827840335,0.7241379310344828,7.9012345679012315
002694.SZ,20230804,20230807,8.07,5,20230811,8.18,1.3630731102850069,9.417596034696407,-4.708798017348204,46.01449275362321,0.8215315528022565,0.7241379310344828,7.9012345679012315
002694.SZ,20230804,20230807,8.07,10,20230818,8.08,0.12391573729864103,9.417596034696407,-4.708798017348204,46.01449275362321,0.8215315528022565,0.7241379310344828,7.9012345679012315
002694.SZ,20230804,20230807,8.07,20,20230901,6.8,-15.7372986369269,9.417596034696407,-17.843866171003718,46.01449275362321,0.8215315528022565,0.7241379310344828,7.9012345679012315
002694.SZ,20230804,20230807,8.07,60,20231106,6.49,-19.578686493184637,9.417596034696407,-22.552664188351923,46.01449275362321,0.8215315528022565,0.7241379310344828,7.9012345679012315
002694.SZ,20230807,20230808,8.24,5,20230814,7.97,-3.2766990291262177,3.033980582524265,-6.674757281553401,37.067545304777596,0.8304614427510604,0.7241379310344828,7.9012345679012315
002694.SZ,20230807,20230808,8.24,10,20230821,7.89,-4.247572815533984,3.033980582524265,-6.674757281553401,37.067545304777596,0.8304614427510604,0.7241379310344828,7.9012345679012315
002694.SZ,20230807,20230808,8.24,20,20230904,6.98,-15.291262135922324,3.033980582524265,-19.53883495145632,37.067545304777596,0.8304614427510604,0.7241379310344828,7.9012345679012315
002694.SZ,20230807,20230808,8.24,60,20231107,6.44,-21.844660194174757,3.033980582524265,-24.15048543689321,37.067545304777596,0.8304614427510604,0.7241379310344828,7.9012345679012315
003012.SZ,20230801,20230802,12.02,5,20230808,11.13,-7.404326123128113,0.4991680532445919,-7.7371048252911745,47.38760631834751,0.9083326974876759,0.6551724137931034,4.237288135593216
003012.SZ,20230801,20230802,12.02,10,20230815,10.92,-9.151414309484185,0.4991680532445919,-12.479201331114808,47.38760631834751,0.9083326974876759,0.6551724137931034,4.237288135593216
003012.SZ,20230801,20230802,12.02,20,20230829,11.31,-5.9068219633943375,0.4991680532445919,-12.479201331114808,47.38760631834751,0.9083326974876759,0.6551724137931034,4.237288135593216
003012.SZ,20230801,20230802,12.02,60,20231101,8.96,-25.457570715474198,0.9983361064891838,-27.371048252911812,47.38760631834751,0.9083326974876759,0.6551724137931034,4.237288135593216
003012.SZ,20230802,20230803,11.5,5,20230809,11.17,-2.869565217391301,2.2608695652173827,-4.086956521739138,46.784363177805815,0.9255290407585605,0.6551724137931034,6.954436450839323
003012.SZ,20230802,20230803,11.5,10,20230816,11.01,-4.260869565217396,2.2608695652173827,-8.521739130434792,46.784363177805815,0.9255290407585605,0.6551724137931034,6.954436450839323
003012.SZ,20230802,20230803,11.5,20,20230830,11.52,0.17391304347824654,3.4782608695652195,-8.521739130434792,46.784363177805815,0.9255290407585605,0.6551724137931034,6.954436450839323
003012.SZ,20230802,20230803,11.5,60,20231102,8.84,-23.1304347826087,5.565217391304356,-24.086956521739122,46.784363177805815,0.9255290407585605,0.6551724137931034,6.954436450839323
003012.SZ,20230803,20230804,11.45,5,20230810,11.1,-3.056768558951961,0.8733624454148492,-4.803493449781648,43.63177805800758,0.9213659311939509,0.6206896551724138,8.95283772981614
003012.SZ,20230803,20230804,11.45,10,20230817,11.02,-3.7554585152838382,0.8733624454148492,-8.122270742358072,43.63177805800758,0.9213659311939509,0.6206896551724138,8.95283772981614
003012.SZ,20230803,20230804,11.45,20,20230831,11.19,-2.2707423580786035,3.9301310043668325,-8.122270742358072,43.63177805800758,0.9213659311939509,0.6206896551724138,8.95283772981614
003012.SZ,20230803,20230804,11.45,60,20231103,8.99,-21.48471615720523,6.026200873362453,-23.755458515283834,43.63177805800758,0.9213659311939509,0.6206896551724138,8.95283772981614
003012.SZ,20230804,20230807,11.38,5,20230811,10.8,-5.096660808435849,0.0,-5.448154657293502,42.60429835651073,0.9074340210052693,0.6206896551724138,9.832134292565952
003012.SZ,20230804,20230807,11.38,10,20230818,10.95,-3.7785588752196952,0.0,-7.55711775043938,42.60429835651073,0.9074340210052693,0.6206896551724138,9.832134292565952
003012.SZ,20230804,20230807,11.38,20,20230901,11.64,2.284710017574687,4.569420035149374,-7.55711775043938,42.60429835651073,0.9074340210052693,0.6206896551724138,9.832134292565952
003012.SZ,20230804,20230807,11.38,60,20231106,9.09,-20.12302284710018,6.678383128295251,-23.286467486818985,42.60429835651073,0.9074340210052693,0.6206896551724138,9.832134292565952
301349.SZ,20230804,20230807,63.08,5,20230811,58.5,-7.260621433100822,8.275206087507936,-7.3557387444514895,34.732423924449115,0.855102821556754,0.6206896551724138,9.299999999999997
301349.SZ,20230804,20230807,63.08,10,20230818,55.5,-12.016487000634113,8.275206087507936,-12.190868738110328,34.732423924449115,0.855102821556754,0.6206896551724138,9.299999999999997
301349.SZ,20230804,20230807,63.08,20,20230901,42.8,-32.149651236525045,8.275206087507936,-33.95688015218771,34.732423924449115,0.855102821556754,0.6206896551724138,9.299999999999997
301349.SZ,20230804,20230807,63.08,60,20231106,45.63,-27.663284717818637,8.275206087507936,-39.537095751426754,34.732423924449115,0.855102821556754,0.6206896551724138,9.299999999999997
301349.SZ,20230807,20230808,64.96,5,20230814,58.72,-9.605911330049254,4.679802955665036,-11.48399014778324,36.448211701467855,0.8376947997519779,0.6206896551724138,9.299999999999997
301349.SZ,20230807,20230808,64.96,10,20230821,51.71,-20.39716748768472,4.679802955665036,-20.39716748768472,36.448211701467855,0.8376947997519779,0.6206896551724138,9.299999999999997
301349.SZ,20230807,20230808,64.96,20,20230904,44.01,-32.2506157635468,4.679802955665036,-35.86822660098522,36.448211701467855,0.8376947997519779,0.6206896551724138,9.299999999999997
301349.SZ,20230807,20230808,64.96,60,20231107,45.0,-30.726600985221665,4.679802955665036,-41.28694581280787,36.448211701467855,0.8376947997519779,0.6206896551724138,9.299999999999997
301349.SZ,20230808,20230809,64.25,5,20230815,55.91,-12.980544747081712,0.5758754863813387,-13.789883268482495,33.77056006662502,0.8453907719583413,0.6206896551724138,9.299999999999997
301349.SZ,20230808,20230809,64.25,10,20230822,51.21,-20.295719844357972,2.0700389105058337,-22.132295719844354,33.77056006662502,0.8453907719583413,0.6206896551724138,9.299999999999997
301349.SZ,20230808,20230809,64.25,20,20230905,45.39,-29.354085603112846,2.0700389105058337,-35.15953307392997,33.77056006662502,0.8453907719583413,0.6206896551724138,9.299999999999997
301349.SZ,20230808,20230809,64.25,60,20231108,45.34,-29.431906614785987,2.0700389105058337,-40.63813229571984,33.77056006662502,0.8453907719583413,0.6206896551724138,9.299999999999997
600155.SH,20230809,20230810,8.17,5,20230816,7.84,-4.039167686658507,3.9167686658506673,-7.833537331701345,32.30519480519481,0.8005554554133665,0.6206896551724138,5.990220048899748
600155.SH,20230809,20230810,8.17,10,20230823,7.26,-11.138310893512848,3.9167686658506673,-11.627906976744185,32.30519480519481,0.8005554554133665,0.6206896551724138,5.990220048899748
600155.SH,20230809,20230810,8.17,20,20230906,7.19,-11.995104039167682,3.9167686658506673,-12.36230110159119,32.30519480519481,0.8005554554133665,0.6206896551724138,5.990220048899748
600155.SH,20230809,20230810,8.17,60,20231109,10.1,23.623011015911864,28.396572827417387,-12.851897184822514,32.30519480519481,0.8005554554133665,0.6206896551724138,5.990220048899748
600155.SH,20230810,20230811,8.25,5,20230817,7.91,-4.121212121212114,0.0,-8.727272727272728,35.04823151125403,0.8256576165428965,0.6206896551724138,5.990220048899748
600155.SH,20230810,20230811,8.25,10,20230824,7.32,-11.272727272727268,0.0,-12.484848484848488,35.04823151125403,0.8256576165428965,0.6206896551724138,5.990220048899748
600155.SH,20230810,20230811,8.25,20,20230907,7.15,-13.33333333333333,0.0,-13.696969696969695,35.04823151125403,0.8256576165428965,0.6206896551724138,5.990220048899748
600155.SH,20230810,20230811,8.25,60,20231110,10.03,21.57575757575756,27.15151515151515,-13.696969696969695,35.04823151125403,0.8256576165428965,0.6206896551724138,5.990220048899748
600159.SH,20230804,20230807,3.55,5,20230811,3.38,-4.788732394366191,0.5633802816901401,-7.042253521126762,46.85039370078739,0.800037220625466,0.7931034482758621,7.4666666666666615
600159.SH,20230804,20230807,3.55,10,20230818,3.56,0.28169014084507005,9.014084507042263,-9.295774647887312,46.85039370078739,0.800037220625466,0.7931034482758621,7.4666666666666615
600159.SH,20230804,20230807,3.55,20,20230901,3.43,-3.3802816901408406,20.281690140845065,-9.295774647887312,46.85039370078739,0.800037220625466,0.7931034482758621,7.4666666666666615
600159.SH,20230804,20230807,3.55,60,20231106,3.47,-2.2535211267605493,20.281690140845065,-23.661971830985916,46.85039370078739,0.800037220625466,0.7931034482758621,7.4666666666666615
600234.SH,20230803,20230804,7.51,5,20230810,7.37,-1.8641810918774926,1.4647137150466172,-5.592543275632488,31.85840707964601,0.9102555621979083,0.8275862068965517,1.5673981191222515
600234.SH,20230803,20230804,7.51,10,20230817,7.26,-3.3288948069240987,1.4647137150466172,-7.456724367509981,31.85840707964601,0.9102555621979083,0.8275862068965517,1.5673981191222515
600234.SH,20230803,20230804,7.51,20,20230831,7.28,-3.0625832223701632,1.9973368841544659,-9.720372836218372,31.85840707964601,0.9102555621979083,0.8275862068965517,1.5673981191222515
600234.SH,20230803,20230804,7.51,60,20231103,7.41,-1.3315579227696328,11.318242343541929,-16.111850865512643,31.85840707964601,0.9102555621979083,0.8275862068965517,1.5673981191222515
600234.SH,20230804,20230807,7.4,5,20230811,7.14,-3.513513513513522,1.75675675675675,-4.189189189189191,31.634446397188043,0.9108371565338016,0.8275862068965517,1.5673981191222515
600234.SH,20230804,20230807,7.4,10,20230818,7.17,-3.1081081081081097,1.75675675675675,-6.081081081081086,31.634446397188043,0.9108371565338016,0.8275862068965517,1.5673981191222515
600234.SH,20230804,20230807,7.4,20,20230901,7.31,-1.216216216216226,3.5135135135135,-8.378378378378383,31.634446397188043,0.9108371565338016,0.8275862068965517,1.5673981191222515
600234.SH,20230804,20230807,7.4,60,20231106,7.45,0.6756756756756799,12.97297297297295,-14.864864864864868,31.634446397188043,0.9108371565338016,0.8275862068965517,1.5673981191222515
600239.SH,20230801,20230802,3.21,5,20230808,3.02,-5.919003115264799,20.87227414330217,-5.919003115264799,39.04761904761904,0.82220347718393,0.6206896551724138,4.761904761904765
600239.SH,20230801,20230802,3.21,10,20230815,2.77,-13.70716510903427,20.87227414330217,-15.576323987538942,39.04761904761904,0.82220347718393,0.6206896551724138,4.761904761904765
600239.SH,20230801,20230802,3.21,20,20230829,3.13,-2.492211838006231,20.87227414330217,-17.133956386292827,39.04761904761904,0.82220347718393,0.6206896551724138,4.761904761904765
600239.SH,20230801,20230802,3.21,60,20231101,3.05,-4.984423676012462,20.87227414330217,-33.64485981308412,39.04761904761904,0.82220347718393,0.6206896551724138,4.761904761904765
600266.SH,20230809,20230810,7.39,5,20230816,7.53,1.8944519621109768,6.089309878213811,-7.848443843031127,46.91848906560635,0.8031552695105206,0.7241379310344828,7.848101265822787
600266.SH,20230809,20230810,7.39,10,20230823,7.58,2.571041948579156,6.089309878213811,-7.848443843031127,46.91848906560635,0.8031552695105206,0.7241379310344828,7.848101265822787
600266.SH,20230809,20230810,7.39,20,20230906,6.86,-7.171853856562915,11.907983761840324,-11.366711772665761,46.91848906560635,0.8031552695105206,0.7241379310344828,7.848101265822787
600266.SH,20230809,20230810,7.39,60,20231109,6.03,-18.403247631935038,11.907983761840324,-23.951285520974285,46.91848906560635,0.8031552695105206,0.7241379310344828,7.848101265822787
600266.SH,20230810,20230811,7.54,5,20230817,7.39,-1.9893899204244114,3.9787798408488007,-9.681697612732098,44.094488188976385,0.817020080124522,0.6896551724137931,7.848101265822787
600266.SH,20230810,20230811,7.54,10,20230824,7.58,0.5305039787798504,3.9787798408488007,-9.681697612732098,44.094488188976385,0.817020080124522,0.6896551724137931,7.848101265822787
600266.SH,20230810,20230811,7.54,20,20230907,6.79,-9.946949602122013,9.681697612732098,-13.12997347480106,44.094488188976385,0.817020080124522,0.6896551724137931,7.848101265822787
600266.SH,20230810,20230811,7.54,60,20231110,5.89,-21.883289124668437,9.681697612732098,-25.464190981432356,44.094488188976385,0.817020080124522,0.6896551724137931,7.848101265822787
600266.SH,20230811,20230814,6.89,5,20230818,7.38,7.111756168359951,13.788098693759077,-1.1611030478955064,41.11969111969112,0.8264978327015303,0.6551724137931034,7.848101265822787
600266.SH,20230811,20230814,6.89,10,20230825,7.52,9.143686502177072,14.078374455732966,-1.1611030478955064,41.11969111969112,0.8264978327015303,0.6551724137931034,7.848101265822787
600266.SH,20230811,20230814,6.89,20,20230908,6.66,-3.338171262699563,20.02902757619738,-4.934687953555872,41.11969111969112,0.8264978327015303,0.6551724137931034,7.848101265822787
600266.SH,20230811,20230814,6.89,60,20231113,5.93,-13.933236574746012,20.02902757619738,-18.43251088534107,41.11969111969112,0.8264978327015303,0.6551724137931034,7.848101265822787
600266.SH,20230814,20230815,7.12,5,20230821,7.0,-1.6853932584269704,10.1123595505618,-1.8258426966292096,41.07142857142858,0.8252367225396856,0.6551724137931034,10.0
600266.SH,20230814,20230815,7.12,10,20230828,7.8,9.550561797752799,16.15168539325842,-1.96629213483146,41.07142857142858,0.8252367225396856,0.6551724137931034,10.0
600266.SH,20230814,20230815,7.12,20,20230911,6.63,-6.88202247191011,16.15168539325842,-8.70786516853933,41.07142857142858,0.8252367225396856,0.6551724137931034,10.0
600266.SH,20230814,20230815,7.12,60,20231114,6.34,-10.95505617977528,16.15168539325842,-21.067415730337082,41.07142857142858,0.8252367225396856,0.6551724137931034,10.0
600266.SH,20230815,20230816,7.43,5,20230822,7.46,0.40376850605652326,5.518169582772536,-6.056527590847905,45.7593688362919,0.8241246247307394,0.6551724137931034,10.0
600266.SH,20230815,20230816,7.43,10,20230829,7.88,6.0565275908479155,11.305518169582761,-6.056527590847905,45.7593688362919,0.8241246247307394,0.6551724137931034,10.0
600266.SH,20230815,20230816,7.43,20,20230912,6.72,-9.555854643337824,11.305518169582761,-12.516823687752353,45.7593688362919,0.8241246247307394,0.6551724137931034,10.0
600266.SH,20230815,20230816,7.43,60,20231115,6.12,-17.631224764468367,11.305518169582761,-24.360699865410496,45.7593688362919,0.8241246247307394,0.6551724137931034,10.0
600266.SH,20230816,20230817,7.38,5,20230823,7.58,2.7100271002709952,5.691056910569103,-5.420054200542001,45.08670520231213,0.823459093094045,0.6551724137931034,10.0
600266.SH,20230816,20230817,7.38,10,20230830,7.63,3.387533875338744,12.059620596205956,-5.420054200542001,45.08670520231213,0.823459093094045,0.6551724137931034,10.0
600266.SH,20230816,20230817,7.38,20,20230913,6.75,-8.536585365853655,12.059620596205956,-11.924119241192411,45.08670520231213,0.823459093094045,0.6551724137931034,10.0
600266.SH,20230816,20230817,7.38,60,20231116,6.1,-17.344173441734423,12.059620596205956,-23.848238482384822,45.08670520231213,0.823459093094045,0.6551724137931034,10.0
600266.SH,20230817,20230818,7.45,5,20230824,7.58,1.744966442953011,4.697986577181212,-6.308724832214763,41.842610364683296,0.8147935474023924,0.6206896551724138,10.0
600266.SH,20230817,20230818,7.45,10,20230831,6.87,-7.785234899328863,11.006711409395976,-7.785234899328863,41.842610364683296,0.8147935474023924,0.6206896551724138,10.0
600266.SH,20230817,20230818,7.45,20,20230914,6.65,-10.738255033557042,11.006711409395976,-12.751677852348998,41.842610364683296,0.8147935474023924,0.6206896551724138,10.0
600266.SH,20230817,20230818,7.45,60,20231117,5.95,-20.13422818791947,11.006711409395976,-24.563758389261746,41.842610364683296,0.8147935474023924,0.6206896551724138,10.0
600671.SH,20230804,20230807,9.7,5,20230811,10.32,6.391752577319609,9.07216494845362,-3.711340206185565,30.369357045143637,0.9547474668655723,0.7586206896551724,0.9868421052631564
600671.SH,20230804,20230807,9.7,10,20230818,9.98,2.886597938144342,9.07216494845362,-8.453608247422661,30.369357045143637,0.9547474668655723,0.7586206896551724,0.9868421052631564
600671.SH,20230804,20230807,9.7,20,20230901,9.81,1.1340206185567192,13.402061855670123,-8.453608247422661,30.369357045143637,0.9547474668655723,0.7586206896551724,0.9868421052631564
600671.SH,20230804,20230807,9.7,60,20231106,10.5,8.247422680412386,13.402061855670123,-8.453608247422661,30.369357045143637,0.9547474668655723,0.7586206896551724,0.9868421052631564
600671.SH,20230808,20230809,9.88,5,20230815,9.75,-1.3157894736842146,7.0850202429149745,-4.655870445344135,31.866666666666678,0.9484911786414889,0.7241379310344828,0.9868421052631564
600671.SH,20230808,20230809,9.88,10,20230822,9.96,0.809716599190291,11.336032388663963,-10.121457489878537,31.866666666666678,0.9484911786414889,0.7241379310344828,0.9868421052631564
600671.SH,20230808,20230809,9.88,20,20230905,9.68,-2.0242914979757165,11.336032388663963,-10.121457489878537,31.866666666666678,0.9484911786414889,0.7241379310344828,0.9868421052631564
600671.SH,20230808,20230809,9.88,60,20231108,10.69,8.1983805668016,11.336032388663963,-10.121457489878537,31.866666666666678,0.9484911786414889,0.7241379310344828,0.9868421052631564
600671.SH,20230810,20230811,10.09,5,20230817,9.7,-3.8652130822596664,4.856293359762143,-11.992071357779977,34.042553191489375,0.9429783180775168,0.7241379310344828,1.516683518705767
600671.SH,20230810,20230811,10.09,10,20230824,9.27,-8.126858275520322,9.018830525272548,-11.992071357779977,34.042553191489375,0.9429783180775168,0.7241379310344828,1.516683518705767
600671.SH,20230810,20230811,10.09,20,20230907,9.44,-6.442021803766107,9.018830525272548,-11.992071357779977,34.042553191489375,0.9429783180775168,0.7241379310344828,1.516683518705767
600671.SH,20230810,20230811,10.09,60,20231110,10.59,4.9554013875123815,9.018830525272548,-11.992071357779977,34.042553191489375,0.9429783180775168,0.7241379310344828,1.516683518705767
600671.SH,20230811,20230814,9.94,5,20230818,9.98,0.4024144869215318,2.6156941649899457,-10.663983903420515,30.63291139240506,0.9329839088020059,0.7241379310344828,1.516683518705767
600671.SH,20230811,20230814,9.94,10,20230825,9.2,-7.4446680080482945,10.663983903420537,-10.663983903420515,30.63291139240506,0.9329839088020059,0.7241379310344828,1.516683518705767
600671.SH,20230811,20230814,9.94,20,20230908,9.5,-4.426559356136817,10.663983903420537,-10.663983903420515,30.63291139240506,0.9329839088020059,0.7241379310344828,1.516683518705767
600671.SH,20230811,20230814,9.94,60,20231113,10.23,2.917505030181089,10.663983903420537,-10.663983903420515,30.63291139240506,0.9329839088020059,0.7241379310344828,1.516683518705767
600675.SH,20230809,20230810,3.94,5,20230816,4.02,2.030456852791862,5.329949238578702,-2.5380710659898553,33.108108108108105,0.8108383922230056,0.6551724137931034,2.9850746268656634
600675.SH,20230809,20230810,3.94,10,20230823,3.89,-1.269035532994922,5.329949238578702,-2.5380710659898553,33.108108108108105,0.8108383922230056,0.6551724137931034,2.9850746268656634
600675.SH,20230809,20230810,3.94,20,20230906,3.74,-5.076142131979688,9.898477157360407,-9.137055837563446,33.108108108108105,0.8108383922230056,0.6551724137931034,2.9850746268656634
600675.SH,20230809,20230810,3.94,60,20231109,3.49,-11.421319796954311,9.898477157360407,-17.76649746192893,33.108108108108105,0.8108383922230056,0.6551724137931034,2.9850746268656634
600675.SH,20230810,20230811,4.05,5,20230817,4.04,-0.24691358024691024,2.4691358024691468,-5.185185185185182,35.25423728813559,0.8395426724097353,0.6896551724137931,2.9850746268656634
600675.SH,20230810,20230811,4.05,10,20230824,3.77,-6.913580246913575,2.4691358024691468,-7.4074074074074066,35.25423728813559,0.8395426724097353,0.6896551724137931,2.9850746268656634
600675.SH,20230810,20230811,4.05,20,20230907,3.75,-7.4074074074074066,6.913580246913598,-11.604938271604937,35.25423728813559,0.8395426724097353,0.6896551724137931,2.9850746268656634
600675.SH,20230810,20230811,4.05,60,20231110,3.41,-15.802469135802466,6.913580246913598,-19.999999999999996,35.25423728813559,0.8395426724097353,0.6896551724137931,2.9850746268656634
600675.SH,20230811,20230814,3.88,5,20230818,3.98,2.577319587628879,6.958762886597958,-1.0309278350515427,33.5593220338983,0.857627564374132,0.6551724137931034,2.9850746268656634
600675.SH,20230811,20230814,3.88,10,20230825,3.94,1.546391752577314,6.958762886597958,-3.350515463917525,33.5593220338983,0.857627564374132,0.6551724137931034,2.9850746268656634
600675.SH,20230811,20230814,3.88,20,20230908,3.62,-6.70103092783505,11.5979381443299,-7.731958762886593,33.5593220338983,0.857627564374132,0.6551724137931034,2.9850746268656634
600675.SH,20230811,20230814,3.88,60,20231113,3.39,-12.628865979381443,11.5979381443299,-16.49484536082474,33.5593220338983,0.857627564374132,0.6551724137931034,2.9850746268656634
600675.SH,20230814,20230815,3.96,5,20230821,3.9,-1.5151515151515138,4.797979797979801,-2.020202020202022,37.15277777777779,0.8700267626147207,0.6896551724137931,2.9850746268656634
600675.SH,20230814,20230815,3.96,10,20230828,4.1,3.535353535353525,8.585858585858585,-5.303030303030298,37.15277777777779,0.8700267626147207,0.6896551724137931,2.9850746268656634
600675.SH,20230814,20230815,3.96,20,20230911,3.75,-5.303030303030298,9.343434343434343,-9.595959595959592,37.15277777777779,0.8700267626147207,0.6896551724137931,2.9850746268656634
600675.SH,20230814,20230815,3.96,60,20231114,3.51,-11.363636363636365,9.343434343434343,-18.181818181818176,37.15277777777779,0.8700267626147207,0.6896551724137931,2.9850746268656634
600675.SH,20230815,20230816,3.98,5,20230822,3.94,-1.005025125628145,4.271356783919611,-2.7638190954773822,36.3013698630137,0.8715219332133645,0.6896551724137931,2.9850746268656634
600675.SH,20230815,20230816,3.98,10,20230829,4.21,5.778894472361817,8.040201005025116,-5.778894472361806,36.3013698630137,0.8715219332133645,0.6896551724137931,2.9850746268656634
600675.SH,20230815,20230816,3.98,20,20230912,3.73,-6.281407035175879,8.793969849246231,-10.050251256281406,36.3013698630137,0.8715219332133645,0.6896551724137931,2.9850746268656634
600675.SH,20230815,20230816,3.98,60,20231115,3.39,-14.824120603015068,8.793969849246231,-18.592964824120596,36.3013698630137,0.8715219332133645,0.6896551724137931,2.9850746268656634
600675.SH,20230816,20230817,4.03,5,20230823,3.89,-3.47394540942928,2.481389578163773,-4.466501240694798,37.67123287671232,0.8735723287822191,0.6896551724137931,2.9850746268656634
600675.SH,20230816,20230817,4.03,10,20230830,4.26,5.707196029776673,7.444168734491319,-6.947890818858571,37.67123287671232,0.8735723287822191,0.6896551724137931,2.9850746268656634
600675.SH,20230816,20230817,4.03,20,20230913,3.7,-8.188585607940446,7.444168734491319,-11.166253101736977,37.67123287671232,0.8735723287822191,0.6896551724137931,2.9850746268656634
600675.SH,20230816,20230817,4.03,60,20231116,3.33,-17.369727047146412,7.444168734491319,-19.602977667493793,37.67123287671232,0.8735723287822191,0.6896551724137931,2.9850746268656634
600675.SH,20230817,20230818,4.05,5,20230824,3.77,-6.913580246913575,1.975308641975304,-7.4074074074074066,36.02693602693602,0.8712156483733561,0.6896551724137931,2.9850746268656634
600675.SH,20230817,20230818,4.05,10,20230831,3.83,-5.432098765432092,6.913580246913598,-7.4074074074074066,36.02693602693602,0.8712156483733561,0.6896551724137931,2.9850746268656634
600675.SH,20230817,20230818,4.05,20,20230914,3.73,-7.901234567901227,6.913580246913598,-11.604938271604937,36.02693602693602,0.8712156483733561,0.6896551724137931,2.9850746268656634
600675.SH,20230817,20230818,4.05,60,20231117,3.32,-18.02469135802469,6.913580246913598,-19.999999999999996,36.02693602693602,0.8712156483733561,0.6896551724137931,2.9850746268656634
600675.SH,20230818,20230821,3.96,5,20230825,3.94,-0.5050505050505083,1.262626262626254,-5.303030303030298,34.00673400673399,0.8606787117085075,0.6551724137931034,2.9850746268656634
600675.SH,20230818,20230821,3.96,10,20230901,3.72,-6.060606060606055,9.343434343434343,-7.32323232323232,34.00673400673399,0.8606787117085075,0.6551724137931034,2.9850746268656634
600675.SH,20230818,20230821,3.96,20,20230915,3.75,-5.303030303030298,9.343434343434343,-9.595959595959592,34.00673400673399,0.8606787117085075,0.6551724137931034,2.9850746268656634
600675.SH,20230818,20230821,3.96,60,20231120,3.32,-16.161616161616166,9.343434343434343,-18.181818181818176,34.00673400673399,0.8606787117085075,0.6551724137931034,2.9850746268656634
600675.SH,20230821,20230822,3.92,5,20230828,4.1,4.591836734693877,9.693877551020403,-4.336734693877553,31.756756756756754,0.8335048388132759,0.6551724137931034,3.4653465346534684
600675.SH,20230821,20230822,3.92,10,20230904,3.74,-4.5918367346938656,10.459183673469386,-6.377551020408168,31.756756756756754,0.8335048388132759,0.6551724137931034,3.4653465346534684
600675.SH,20230821,20230822,3.92,20,20230918,3.62,-7.653061224489788,10.459183673469386,-9.438775510204088,31.756756756756754,0.8335048388132759,0.6551724137931034,3.4653465346534684
600675.SH,20230821,20230822,3.92,60,20231121,3.39,-13.520408163265296,10.459183673469386,-17.3469387755102,31.756756756756754,0.8335048388132759,0.6551724137931034,3.4653465346534684
600675.SH,20230822,20230823,3.95,5,20230829,4.21,6.582278481012649,8.860759493670866,-5.063291139240511,34.93150684931507,0.8048241425741026,0.6896551724137931,3.4653465346534684
600675.SH,20230822,20230823,3.95,10,20230905,3.65,-7.594936708860766,9.620253164556969,-9.367088607594942,34.93150684931507,0.8048241425741026,0.6896551724137931,3.4653465346534684
600675.SH,20230822,20230823,3.95,20,20230919,3.65,-7.594936708860766,9.620253164556969,-10.126582278481022,34.93150684931507,0.8048241425741026,0.6896551724137931,3.4653465346534684
600675.SH,20230822,20230823,3.95,60,20231122,3.43,-13.164556962025319,9.620253164556969,-17.974683544303794,34.93150684931507,0.8048241425741026,0.6896551724137931,3.4653465346534684
600684.SH,20230809,20230810,4.33,5,20230816,4.24,-2.0785219399538035,7.390300230946889,-5.542725173210162,38.21656050955413,0.8188586539392921,0.7931034482758621,5.652173913043474
600684.SH,20230809,20230810,4.33,10,20230823,4.04,-6.6974595842956175,7.390300230946889,-8.083140877598149,38.21656050955413,0.8188586539392921,0.7931034482758621,5.652173913043474
600684.SH,20230809,20230810,4.33,20,20230906,4.18,-3.4642032332563577,25.404157043879906,-8.083140877598149,38.21656050955413,0.8188586539392921,0.7931034482758621,5.652173913043474
600684.SH,20230809,20230810,4.33,60,20231109,3.82,-11.778290993071593,25.404157043879906,-20.7852193995381,38.21656050955413,0.8188586539392921,0.7931034482758621,5.652173913043474
600684.SH,20230810,20230811,4.63,5,20230817,4.17,-9.935205183585316,0.4319654427645814,-11.66306695464363,38.12499999999999,0.8384468796746876,0.7931034482758621,5.652173913043474
600684.SH,20230810,20230811,4.63,10,20230824,4.08,-11.879049676025911,0.4319654427645814,-14.038876889848806,38.12499999999999,0.8384468796746876,0.7931034482758621,5.652173913043474
600684.SH,20230810,20230811,4.63,20,20230907,4.11,-11.231101511879038,17.278617710583145,-14.038876889848806,38.12499999999999,0.8384468796746876,0.7931034482758621,5.652173913043474
600684.SH,20230810,20230811,4.63,60,20231110,3.81,-17.710583153347727,17.278617710583145,-25.917926565874726,38.12499999999999,0.8384468796746876,0.7931034482758621,5.652173913043474
600684.SH,20230811,20230814,4.22,5,20230818,4.07,-3.554502369668233,2.8436018957346043,-4.028436018957349,33.64197530864197,0.8555237626333954,0.7586206896551724,5.869565217391296
600684.SH,20230811,20230814,4.22,10,20230825,4.49,6.39810426540286,6.39810426540286,-5.687203791469186,33.64197530864197,0.8555237626333954,0.7586206896551724,5.869565217391296
600684.SH,20230811,20230814,4.22,20,20230908,4.02,-4.739336492891,28.672985781990512,-6.16113744075829,33.64197530864197,0.8555237626333954,0.7586206896551724,5.869565217391296
600684.SH,20230811,20230814,4.22,60,20231113,4.05,-4.028436018957349,28.672985781990512,-18.72037914691942,33.64197530864197,0.8555237626333954,0.7586206896551724,5.869565217391296
600684.SH,20230814,20230815,4.19,5,20230821,4.01,-4.295942720763735,3.5799522673030992,-5.011933174224348,31.46417445482865,0.8624011086434189,0.7586206896551724,8.260869565217389
600684.SH,20230814,20230815,4.19,10,20230828,4.94,17.899761336515517,17.899761336515517,-5.011933174224348,31.46417445482865,0.8624011086434189,0.7586206896551724,8.260869565217389
600684.SH,20230814,20230815,4.19,20,20230911,4.0,-4.534606205250602,29.594272076372285,-5.727923627684972,31.46417445482865,0.8624011086434189,0.7586206896551724,8.260869565217389
600684.SH,20230814,20230815,4.19,60,20231114,4.24,1.193317422434359,29.594272076372285,-18.138424821002385,31.46417445482865,0.8624011086434189,0.7586206896551724,8.260869565217389
600684.SH,20230816,20230817,4.2,5,20230823,4.04,-3.809523809523818,2.857142857142869,-5.238095238095242,30.864197530864196,0.8484338432109484,0.7241379310344828,9.347826086956516
600684.SH,20230816,20230817,4.2,10,20230830,5.08,20.952380952380945,29.28571428571427,-5.238095238095242,30.864197530864196,0.8484338432109484,0.7241379310344828,9.347826086956516
600684.SH,20230816,20230817,4.2,20,20230913,3.91,-6.904761904761902,29.28571428571427,-6.904761904761902,30.864197530864196,0.8484338432109484,0.7241379310344828,9.347826086956516
600684.SH,20230816,20230817,4.2,60,20231116,4.04,-3.809523809523818,29.28571428571427,-18.333333333333336,30.864197530864196,0.8484338432109484,0.7241379310344828,9.347826086956516
600823.SH,20230814,20230815,1.63,5,20230821,1.48,-9.202453987730053,4.294478527607359,-9.202453987730053,40.869565217391326,0.8125012416437033,0.6206896551724138,6.535947712418307
600823.SH,20230814,20230815,1.63,10,20230828,1.46,-10.429447852760731,4.294478527607359,-19.01840490797545,40.869565217391326,0.8125012416437033,0.6206896551724138,6.535947712418307
600823.SH,20230814,20230815,1.63,20,20230911,1.58,-3.0674846625766805,4.294478527607359,-19.01840490797545,40.869565217391326,0.8125012416437033,0.6206896551724138,6.535947712418307
600823.SH,20230814,20230815,1.63,60,20231114,1.29,-20.858895705521462,8.588957055214742,-25.153374233128833,40.869565217391326,0.8125012416437033,0.6206896551724138,6.535947712418307
600823.SH,20230815,20230816,1.63,5,20230822,1.45,-11.042944785276065,3.0674846625766916,-12.88343558282209,45.6896551724138,0.8168925970834149,0.6206896551724138,6.535947712418307
600823.SH,20230815,20230816,1.63,10,20230829,1.49,-8.588957055214719,3.0674846625766916,-19.01840490797545,45.6896551724138,0.8168925970834149,0.6206896551724138,6.535947712418307
600823.SH,20230815,20230816,1.63,20,20230912,1.56,-4.294478527607348,3.0674846625766916,-19.01840490797545,45.6896551724138,0.8168925970834149,0.6206896551724138,6.535947712418307
600823.SH,20230815,20230816,1.63,60,20231115,1.28,-21.47239263803681,8.588957055214742,-25.153374233128833,45.6896551724138,0.8168925970834149,0.6206896551724138,6.535947712418307
600851.SH,20230804,20230807,7.21,5,20230811,7.3,1.2482662968099856,12.898751733703207,-8.876560332871009,31.49466192170818,0.8134451476981664,0.6896551724137931,1.3953488372093001
600851.SH,20230804,20230807,7.21,10,20230818,6.96,-3.4674063800277377,12.898751733703207,-8.876560332871009,31.49466192170818,0.8134451476981664,0.6896551724137931,1.3953488372093001
600851.SH,20230804,20230807,7.21,20,20230901,6.91,-4.160887656033285,12.898751733703207,-8.876560332871009,31.49466192170818,0.8134451476981664,0.6896551724137931,1.3953488372093001
600851.SH,20230804,20230807,7.21,60,20231106,7.05,-2.219140083217752,12.898751733703207,-13.730929264909852,31.49466192170818,0.8134451476981664,0.6896551724137931,1.3953488372093001
601099.SH,20230811,20230814,4.78,5,20230818,4.65,-2.7196652719665204,10.460251046025103,-6.485355648535574,83.84615384615385,0.8156063534229488,0.7586206896551724,8.230452674897126
601099.SH,20230811,20230814,4.78,10,20230825,4.22,-11.715481171548126,10.460251046025103,-12.761506276150635,83.84615384615385,0.8156063534229488,0.7586206896551724,8.230452674897126
601099.SH,20230811,20230814,4.78,20,20230908,4.01,-16.108786610878667,10.460251046025103,-19.246861924686197,83.84615384615385,0.8156063534229488,0.7586206896551724,8.230452674897126
601099.SH,20230811,20230814,4.78,60,20231113,4.04,-15.481171548117157,10.460251046025103,-27.40585774058577,83.84615384615385,0.8156063534229488,0.7586206896551724,8.230452674897126
601099.SH,20230814,20230815,4.5,5,20230821,4.62,2.6666666666666616,17.333333333333336,-0.666666666666671,85.32818532818534,0.8419045959870852,0.7931034482758621,8.230452674897126
601099.SH,20230814,20230815,4.5,10,20230828,4.46,-0.8888888888888946,17.333333333333336,-7.333333333333336,85.32818532818534,0.8419045959870852,0.7931034482758621,8.230452674897126
601099.SH,20230814,20230815,4.5,20,20230911,3.98,-11.555555555555552,17.333333333333336,-14.222222222222225,85.32818532818534,0.8419045959870852,0.7931034482758621,8.230452674897126
601099.SH,20230814,20230815,4.5,60,20231114,4.07,-9.55555555555555,17.333333333333336,-22.888888888888882,85.32818532818534,0.8419045959870852,0.7931034482758621,8.230452674897126
601099.SH,20230815,20230816,4.81,5,20230822,4.71,-2.079002079002068,9.771309771309777,-6.6528066528066425,92.24806201550388,0.8649451822310552,0.8275862068965517,8.230452674897126
601099.SH,20230815,20230816,4.81,10,20230829,4.42,-8.108108108108103,9.771309771309777,-13.305613305613296,92.24806201550388,0.8649451822310552,0.8275862068965517,8.230452674897126
601099.SH,20230815,20230816,4.81,20,20230912,3.95,-17.87941787941787,9.771309771309777,-19.750519750519747,92.24806201550388,0.8649451822310552,0.8275862068965517,8.230452674897126
601099.SH,20230815,20230816,4.81,60,20231115,4.04,-16.008316008316005,9.771309771309777,-27.858627858627848,92.24806201550388,0.8649451822310552,0.8275862068965517,8.230452674897126
601099.SH,20230816,20230817,4.81,5,20230823,4.28,-11.018711018711002,4.98960498960499,-11.850311850311835,92.99610894941635,0.8817822392308314,0.8620689655172413,8.230452674897126
601099.SH,20230816,20230817,4.81,10,20230830,4.21,-12.474012474012463,4.98960498960499,-13.305613305613296,92.99610894941635,0.8817822392308314,0.8620689655172413,8.230452674897126
601099.SH,20230816,20230817,4.81,20,20230913,3.92,-18.5031185031185,4.98960498960499,-19.750519750519747,92.99610894941635,0.8817822392308314,0.8620689655172413,8.230452674897126
601099.SH,20230816,20230817,4.81,60,20231116,3.99,-17.047817047817038,4.98960498960499,-27.858627858627848,92.99610894941635,0.8817822392308314,0.8620689655172413,8.230452674897126
601099.SH,20230817,20230818,4.84,5,20230824,4.28,-11.570247933884293,1.2396694214876103,-13.01652892561983,84.94208494208495,0.8867746583019764,0.8275862068965517,8.230452674897126
601099.SH,20230817,20230818,4.84,10,20230831,4.09,-15.49586776859504,1.2396694214876103,-15.909090909090907,84.94208494208495,0.8867746583019764,0.8275862068965517,8.230452674897126
601099.SH,20230817,20230818,4.84,20,20230914,3.88,-19.834710743801654,1.2396694214876103,-21.280991735537192,84.94208494208495,0.8867746583019764,0.8275862068965517,8.230452674897126
601099.SH,20230817,20230818,4.84,60,20231117,4.01,-17.148760330578515,1.2396694214876103,-28.30578512396693,84.94208494208495,0.8867746583019764,0.8275862068965517,8.230452674897126
601099.SH,20230818,20230821,4.58,5,20230825,4.22,-7.860262008733631,5.895196506550215,-8.951965065502188,79.53667953667956,0.8798668947527966,0.7931034482758621,8.230452674897126
601099.SH,20230818,20230821,4.58,10,20230901,3.96,-13.53711790393013,5.895196506550215,-13.53711790393013,79.53667953667956,0.8798668947527966,0.7931034482758621,8.230452674897126
601099.SH,20230818,20230821,4.58,20,20230915,3.86,-15.720524017467252,5.895196506550215,-16.812227074235807,79.53667953667956,0.8798668947527966,0.7931034482758621,8.230452674897126
601099.SH,20230818,20230821,4.58,60,20231120,3.98,-13.100436681222705,5.895196506550215,-24.235807860262003,79.53667953667956,0.8798668947527966,0.7931034482758621,8.230452674897126
601099.SH,20230821,20230822,4.58,5,20230828,4.46,-2.6200873362445476,5.895196506550215,-8.951965065502188,77.6923076923077,0.8647717175808727,0.7586206896551724,8.230452674897126
601099.SH,20230821,20230822,4.58,10,20230904,3.94,-13.973799126637553,5.895196506550215,-15.06550218340611,77.6923076923077,0.8647717175808727,0.7586206896551724,8.230452674897126
601099.SH,20230821,20230822,4.58,20,20230918,3.87,-15.502183406113534,5.895196506550215,-17.030567685589524,77.6923076923077,0.8647717175808727,0.7586206896551724,8.230452674897126
601099.SH,20230821,20230822,4.58,60,20231121,3.94,-13.973799126637553,5.895196506550215,-24.235807860262003,77.6923076923077,0.8647717175808727,0.7586206896551724,8.230452674897126
601099.SH,20230822,20230823,4.58,5,20230829,4.42,-3.493449781659397,1.3100436681222627,-8.951965065502188,81.15384615384615,0.8487337344891182,0.7586206896551724,8.230452674897126
601099.SH,20230822,20230823,4.58,10,20230905,3.99,-12.882096069868986,1.3100436681222627,-15.720524017467252,81.15384615384615,0.8487337344891182,0.7586206896551724,8.230452674897126
601099.SH,20230822,20230823,4.58,20,20230919,3.84,-16.157205240174676,1.3100436681222627,-17.030567685589524,81.15384615384615,0.8487337344891182,0.7586206896551724,8.230452674897126
601099.SH,20230822,20230823,4.58,60,20231122,3.88,-15.283842794759828,1.3100436681222627,-24.235807860262003,81.15384615384615,0.8487337344891182,0.7586206896551724,8.230452674897126
601136.SH,20230811,20230814,21.75,5,20230818,27.0,24.13793103448276,36.87356321839079,0.0,58.22784810126581,0.8143603059491115,0.6206896551724138,9.891870244293148
601136.SH,20230811,20230814,21.75,10,20230825,25.27,16.183908045977002,39.632183908045995,0.0,58.22784810126581,0.8143603059491115,0.6206896551724138,9.891870244293148
601136.SH,20230811,20230814,21.75,20,20230908,25.15,15.63218390804597,39.632183908045995,0.0,58.22784810126581,0.8143603059491115,0.6206896551724138,9.891870244293148
601136.SH,20230811,20230814,21.75,60,20231113,22.2,2.0689655172413834,39.632183908045995,-6.850574712643676,58.22784810126581,0.8143603059491115,0.6206896551724138,9.891870244293148
601136.SH,20230814,20230815,23.73,5,20230821,27.61,16.350611040876515,25.453013063632525,-1.8120522545301276,70.45454545454545,0.8481020935305368,0.6551724137931034,9.891870244293148
601136.SH,20230814,20230815,23.73,10,20230828,26.21,10.45090602612726,27.981458069953646,-1.8120522545301276,70.45454545454545,0.8481020935305368,0.6551724137931034,9.891870244293148
601136.SH,20230814,20230815,23.73,20,20230911,23.72,-0.04214075010535723,27.981458069953646,-4.930467762326174,70.45454545454545,0.8481020935305368,0.6551724137931034,9.891870244293148
601136.SH,20230814,20230815,23.73,60,20231114,22.42,-5.520438263801086,27.981458069953646,-14.622840286557093,70.45454545454545,0.8481020935305368,0.6551724137931034,9.891870244293148
601136.SH,20230815,20230816,25.11,5,20230822,30.12,19.95221027479093,20.947829549980092,-0.11947431302270495,89.92805755395682,0.8703174718286721,0.6896551724137931,9.891870244293148
601136.SH,20230815,20230816,25.11,10,20230829,26.44,5.296694544006386,20.947829549980092,-2.3098367184388624,89.92805755395682,0.8703174718286721,0.6896551724137931,9.891870244293148
601136.SH,20230815,20230816,25.11,20,20230912,23.53,-6.2923138191955275,20.947829549980092,-10.15531660692951,89.92805755395682,0.8703174718286721,0.6896551724137931,9.891870244293148
601136.SH,20230815,20230816,25.11,60,20231115,22.8,-9.199522102747903,20.947829549980092,-19.315013938669846,89.92805755395682,0.8703174718286721,0.6896551724137931,9.891870244293148
601136.SH,20230816,20230817,28.0,5,20230823,27.8,-0.7142857142857117,8.464285714285724,-5.821428571428566,105.43084721216509,0.8812894568493728,0.7241379310344828,9.891870244293148
601136.SH,20230816,20230817,28.0,10,20230830,24.7,-11.785714285714288,8.464285714285724,-12.392857142857139,105.43084721216509,0.8812894568493728,0.7241379310344828,9.891870244293148
601136.SH,20230816,20230817,28.0,20,20230913,22.76,-18.714285714285705,8.464285714285724,-19.75,105.43084721216509,0.8812894568493728,0.7241379310344828,9.891870244293148
601136.SH,20230816,20230817,28.0,60,20231116,22.45,-19.82142857142858,8.464285714285724,-27.642857142857135,105.43084721216509,0.8812894568493728,0.7241379310344828,9.891870244293148
601136.SH,20230817,20230818,28.18,5,20230824,25.02,-11.213626685592615,7.7714691270404535,-11.213626685592615,104.05503258508327,0.8979307167992637,0.6896551724137931,9.891870244293148
601136.SH,20230817,20230818,28.18,10,20230831,24.58,-12.775017743080209,7.7714691270404535,-15.436479772888578,104.05503258508327,0.8979307167992637,0.6896551724137931,9.891870244293148
601136.SH,20230817,20230818,28.18,20,20230914,22.1,-21.575585521646556,7.7714691270404535,-22.14336408800567,104.05503258508327,0.8979307167992637,0.6896551724137931,9.891870244293148
601136.SH,20230817,20230818,28.18,60,20231117,22.31,-20.83037615330021,7.7714691270404535,-28.105039034776436,104.05503258508327,0.8979307167992637,0.6896551724137931,9.891870244293148
601136.SH,20230818,20230821,27.24,5,20230825,25.27,-7.232011747430245,11.490455212922178,-9.94860499265785,97.8021978021978,0.9147215898600007,0.6896551724137931,9.891870244293148
601136.SH,20230818,20230821,27.24,10,20230901,23.08,-15.271659324522757,11.490455212922178,-16.005873715124817,97.8021978021978,0.9147215898600007,0.6896551724137931,9.891870244293148
601136.SH,20230818,20230821,27.24,20,20230915,22.25,-18.318649045521283,11.490455212922178,-20.190895741556535,97.8021978021978,0.9147215898600007,0.6896551724137931,9.891870244293148
601136.SH,20230818,20230821,27.24,60,20231120,22.12,-18.79588839941262,11.490455212922178,-25.624082232011737,97.8021978021978,0.9147215898600007,0.6896551724137931,9.891870244293148
601136.SH,20230821,20230822,27.5,5,20230828,26.21,-4.69090909090909,10.436363636363645,-10.799999999999999,100.94614264919942,0.927042530378375,0.6896551724137931,9.891870244293148
601136.SH,20230821,20230822,27.5,10,20230904,22.93,-16.61818181818182,10.436363636363645,-17.8909090909091,100.94614264919942,0.927042530378375,0.6896551724137931,9.891870244293148
601136.SH,20230821,20230822,27.5,20,20230918,22.01,-19.96363636363636,10.436363636363645,-20.945454545454556,100.94614264919942,0.927042530378375,0.6896551724137931,9.891870244293148
601136.SH,20230821,20230822,27.5,60,20231121,21.62,-21.38181818181818,10.436363636363645,-26.32727272727272,100.94614264919942,0.927042530378375,0.6896551724137931,9.891870244293148
601136.SH,20230822,20230823,28.71,5,20230829,26.44,-7.906652734238939,2.47300592128179,-14.559386973180077,117.63005780346822,0.935823852410676,0.6896551724137931,9.891870244293148
601136.SH,20230822,20230823,28.71,10,20230905,23.78,-17.17171717171717,2.47300592128179,-21.421107628004187,117.63005780346822,0.935823852410676,0.6896551724137931,9.891870244293148
601136.SH,20230822,20230823,28.71,20,20230919,21.54,-24.973876698014628,2.47300592128179,-24.973876698014628,117.63005780346822,0.935823852410676,0.6896551724137931,9.891870244293148
601136.SH,20230822,20230823,28.71,60,20231122,21.13,-26.40195053988158,2.47300592128179,-29.432253570184596,117.63005780346822,0.935823852410676,0.6896551724137931,9.891870244293148
601136.SH,20230823,20230824,27.9,5,20230830,24.7,-11.46953405017921,0.931899641577072,-12.078853046594972,97.724039829303,0.9411674625437223,0.6551724137931034,9.891870244293148
601136.SH,20230823,20230824,27.9,10,20230906,24.1,-13.62007168458781,0.931899641577072,-19.13978494623656,97.724039829303,0.9411674625437223,0.6551724137931034,9.891870244293148
601136.SH,20230823,20230824,27.9,20,20230920,22.11,-20.75268817204301,0.931899641577072,-23.118279569892476,97.724039829303,0.9411674625437223,0.6551724137931034,9.891870244293148
601136.SH,20230823,20230824,27.9,60,20231123,21.21,-23.978494623655912,0.931899641577072,-27.38351254480286,97.724039829303,0.9411674625437223,0.6551724137931034,9.891870244293148
601162.SH,20230817,20230818,4.06,5,20230824,3.54,-12.80788177339901,0.7389162561576512,-14.532019704433486,35.21594684385384,0.8107111498254138,0.6206896551724138,7.286432160804021
601162.SH,20230817,20230818,4.06,10,20230831,3.5,-13.793103448275856,0.7389162561576512,-14.532019704433486,35.21594684385384,0.8107111498254138,0.6206896551724138,7.286432160804021
601162.SH,20230817,20230818,4.06,20,20230914,3.39,-16.502463054187178,0.7389162561576512,-17.24137931034482,35.21594684385384,0.8107111498254138,0.6206896551724138,7.286432160804021
601162.SH,20230817,20230818,4.06,60,20231117,3.35,-17.487684729064036,0.7389162561576512,-23.891625615763544,35.21594684385384,0.8107111498254138,0.6206896551724138,7.286432160804021
601688.SH,20230804,20230807,17.32,5,20230811,17.0,-1.8475750577367167,5.311778290993052,-2.655889145496537,31.13417346182358,0.8490797390867687,0.6896551724137931,2.358490566037748
601688.SH,20230804,20230807,17.32,10,20230818,17.24,-0.46189376443419583,5.311778290993052,-5.138568129330256,31.13417346182358,0.8490797390867687,0.6896551724137931,2.358490566037748
601688.SH,20230804,20230807,17.32,20,20230901,16.16,-6.6974595842956175,7.043879907621231,-8.77598152424942,31.13417346182358,0.8490797390867687,0.6896551724137931,2.358490566037748
601688.SH,20230804,20230807,17.32,60,20231106,16.76,-3.2332563510392487,7.043879907621231,-12.240184757505778,31.13417346182358,0.8490797390867687,0.6896551724137931,2.358490566037748
601688.SH,20230807,20230808,17.51,5,20230814,16.96,-3.1410622501427787,4.1690462592803845,-6.167904054825824,31.2638580931264,0.8587421023590741,0.6896551724137931,2.358490566037748
601688.SH,20230807,20230808,17.51,10,20230821,16.2,-7.481439177612803,4.1690462592803845,-7.652769845802398,31.2638580931264,0.8587421023590741,0.6896551724137931,2.358490566037748
601688.SH,20230807,20230808,17.51,20,20230904,16.48,-5.882352941176472,5.88235294117645,-9.765848086807537,31.2638580931264,0.8587421023590741,0.6896551724137931,2.358490566037748
601688.SH,20230807,20230808,17.51,60,20231107,16.68,-4.74014848657911,5.88235294117645,-13.19246145059967,31.2638580931264,0.8587421023590741,0.6896551724137931,2.358490566037748
601688.SH,20230808,20230809,17.71,5,20230815,17.35,-2.032749858836813,2.6538678712591635,-7.227555053642021,31.784660766961654,0.8700933111225806,0.6896551724137931,2.358490566037748
601688.SH,20230808,20230809,17.71,10,20230822,16.7,-5.702992659514406,2.6538678712591635,-8.695652173913038,31.784660766961654,0.8700933111225806,0.6896551724137931,2.358490566037748
601688.SH,20230808,20230809,17.71,20,20230905,16.33,-7.792207792207806,4.686617730095977,-10.784867306606438,31.784660766961654,0.8700933111225806,0.6896551724137931,2.358490566037748
601688.SH,20230808,20230809,17.71,60,20231108,16.42,-7.284020327498586,4.686617730095977,-14.172783738001138,31.784660766961654,0.8700933111225806,0.6896551724137931,2.358490566037748
601688.SH,20230809,20230810,17.92,5,20230816,17.26,-3.6830357142857095,0.725446428571419,-8.314732142857151,33.06092124814264,0.8815072037032805,0.7241379310344828,2.358490566037748
601688.SH,20230809,20230810,17.92,10,20230823,16.38,-8.59375000000001,0.725446428571419,-9.765625,33.06092124814264,0.8815072037032805,0.7241379310344828,2.358490566037748
601688.SH,20230809,20230810,17.92,20,20230906,16.23,-9.43080357142858,3.459821428571419,-11.830357142857151,33.06092124814264,0.8815072037032805,0.7241379310344828,2.358490566037748
601688.SH,20230809,20230810,17.92,60,20231109,16.29,-9.095982142857151,3.459821428571419,-15.178571428571441,33.06092124814264,0.8815072037032805,0.7241379310344828,2.358490566037748
601688.SH,20230810,20230811,17.58,5,20230817,17.19,-2.2184300341296814,0.9670079635950124,-6.541524459613191,30.573710965867836,0.8884785899299706,0.7241379310344828,2.358490566037748
601688.SH,20230810,20230811,17.58,10,20230824,16.67,-5.176336746302601,1.0807736063708884,-8.020477815699644,30.573710965867836,0.8884785899299706,0.7241379310344828,2.358490566037748
601688.SH,20230810,20230811,17.58,20,20230907,16.15,-8.134243458475543,5.4607508532423354,-10.125142207053461,30.573710965867836,0.8884785899299706,0.7241379310344828,2.358490566037748
601688.SH,20230810,20230811,17.58,60,20231110,16.3,-7.281001137656418,5.4607508532423354,-13.538111490329918,30.573710965867836,0.8884785899299706,0.7241379310344828,2.358490566037748
603093.SH,20230804,20230807,14.28,5,20230811,13.8,-3.361344537815114,6.72268907563025,-3.7815126050420145,45.808966861598456,0.9284586673696524,0.6206896551724138,3.620955315870575
603093.SH,20230804,20230807,14.28,10,20230818,13.7,-4.06162464985994,6.72268907563025,-5.672268907563016,45.808966861598456,0.9284586673696524,0.6206896551724138,3.620955315870575
603093.SH,20230804,20230807,14.28,20,20230901,12.83,-10.154061624649858,6.72268907563025,-10.29411764705882,45.808966861598456,0.9284586673696524,0.6206896551724138,3.620955315870575
603093.SH,20230804,20230807,14.28,60,20231106,12.83,-10.154061624649858,6.72268907563025,-15.406162464985995,45.808966861598456,0.9284586673696524,0.6206896551724138,3.620955315870575
603177.SH,20230802,20230803,14.8,5,20230809,13.45,-9.121621621621633,0.20270270270270618,-9.594594594594597,30.742049469964666,0.8008348272202083,0.6206896551724138,3.6351165980795566
603177.SH,20230802,20230803,14.8,10,20230816,13.01,-12.094594594594598,0.20270270270270618,-12.297297297297295,30.742049469964666,0.8008348272202083,0.6206896551724138,3.6351165980795566
603177.SH,20230802,20230803,14.8,20,20230830,13.63,-7.905405405405408,0.20270270270270618,-13.310810810810814,30.742049469964666,0.8008348272202083,0.6206896551724138,3.6351165980795566
603177.SH,20230802,20230803,14.8,60,20231102,12.8,-13.513513513513509,0.20270270270270618,-23.58108108108108,30.742049469964666,0.8008348272202083,0.6206896551724138,3.6351165980795566
832225.BJ,20230801,20230802,12.05,5,20230808,12.68,5.228215767634836,8.464730290456423,-3.817427385892125,34.254143646408835,0.8825355411779526,0.6896551724137931,7.043407043407053
832225.BJ,20230801,20230802,12.05,10,20230815,11.75,-2.4896265560165998,8.464730290456423,-3.817427385892125,34.254143646408835,0.8825355411779526,0.6896551724137931,7.043407043407053
832225.BJ,20230801,20230802,12.05,20,20230829,11.52,-4.398340248962662,8.464730290456423,-11.286307053941913,34.254143646408835,0.8825355411779526,0.6896551724137931,7.043407043407053
832225.BJ,20230801,20230802,12.05,60,20231101,13.99,16.09958506224065,25.72614107883817,-11.286307053941913,34.254143646408835,0.8825355411779526,0.6896551724137931,7.043407043407053
832225.BJ,20230802,20230803,12.09,5,20230809,12.44,2.8949545078577277,8.105872622001664,-0.08271298593879317,34.69162995594714,0.8829288563044762,0.6896551724137931,7.043407043407053
832225.BJ,20230802,20230803,12.09,10,20230816,11.84,-2.067824648469807,8.105872622001664,-4.052936311000832,34.69162995594714,0.8829288563044762,0.6896551724137931,7.043407043407053
832225.BJ,20230802,20230803,12.09,20,20230830,11.76,-2.7295285359801524,8.105872622001664,-11.579818031430932,34.69162995594714,0.8829288563044762,0.6896551724137931,7.043407043407053
832225.BJ,20230802,20230803,12.09,60,20231102,13.96,15.467328370554178,25.310173697270464,-11.579818031430932,34.69162995594714,0.8829288563044762,0.6896551724137931,7.043407043407053
832225.BJ,20230803,20230804,12.3,5,20230810,12.22,-0.6504065040650375,6.260162601626007,-1.1382113821138296,32.97297297297298,0.8803607876931256,0.6896551724137931,7.043407043407053
832225.BJ,20230803,20230804,12.3,10,20230817,11.95,-2.8455284552845628,6.260162601626007,-5.691056910569115,32.97297297297298,0.8803607876931256,0.6896551724137931,7.043407043407053
832225.BJ,20230803,20230804,12.3,20,20230831,12.65,2.8455284552845406,6.260162601626007,-13.08943089430895,32.97297297297298,0.8803607876931256,0.6896551724137931,7.043407043407053
832225.BJ,20230803,20230804,12.3,60,20231103,14.0,13.821138211382111,23.17073170731707,-13.08943089430895,32.97297297297298,0.8803607876931256,0.6896551724137931,7.043407043407053
832225.BJ,20230804,20230807,12.29,5,20230811,11.92,-3.010577705451578,6.346623270952012,-3.010577705451578,36.718749999999986,0.8747535052293602,0.6896551724137931,7.043407043407053
832225.BJ,20230804,20230807,12.29,10,20230818,12.24,-0.40683482506101987,6.346623270952012,-5.614320585842147,36.718749999999986,0.8747535052293602,0.6896551724137931,7.043407043407053
832225.BJ,20230804,20230807,12.29,20,20230901,13.15,6.997558991049635,8.624898291293736,-13.018714401952803,36.718749999999986,0.8747535052293602,0.6896551724137931,7.043407043407053
832225.BJ,20230804,20230807,12.29,60,20231106,14.06,14.401952807160301,23.27095199349065,-13.018714401952803,36.718749999999986,0.8747535052293602,0.6896551724137931,7.043407043407053
832225.BJ,20230807,20230808,12.7,5,20230814,11.87,-6.535433070866148,2.913385826771653,-7.401574803149602,40.35476718403548,0.8699966772655017,0.6896551724137931,7.043407043407053
832225.BJ,20230807,20230808,12.7,10,20230821,12.28,-3.307086614173227,2.913385826771653,-8.661417322834641,40.35476718403548,0.8699966772655017,0.6896551724137931,7.043407043407053
832225.BJ,20230807,20230808,12.7,20,20230904,14.21,11.889763779527573,19.291338582677177,-15.826771653543304,40.35476718403548,0.8699966772655017,0.6896551724137931,7.043407043407053
832225.BJ,20230807,20230808,12.7,60,20231107,14.18,11.653543307086611,19.291338582677177,-15.826771653543304,40.35476718403548,0.8699966772655017,0.6896551724137931,7.043407043407053
832225.BJ,20230808,20230809,12.66,5,20230815,11.75,-7.1879936808846745,0.07898894154818592,-8.37282780410743,40.11049723756905,0.8624657481806001,0.6896551724137931,7.043407043407053
832225.BJ,20230808,20230809,12.66,10,20230822,11.9,-6.00315955766193,0.07898894154818592,-8.37282780410743,40.11049723756905,0.8624657481806001,0.6896551724137931,7.043407043407053
832225.BJ,20230808,20230809,12.66,20,20230905,13.45,6.240126382306466,19.66824644549763,-15.560821484992104,40.11049723756905,0.8624657481806001,0.6896551724137931,7.043407043407053
832225.BJ,20230808,20230809,12.66,60,20231108,14.2,12.164296998420209,19.66824644549763,-15.560821484992104,40.11049723756905,0.8624657481806001,0.6896551724137931,7.043407043407053
832225.BJ,20230809,20230810,12.34,5,20230816,11.84,-4.051863857374394,1.0534846029173428,-5.996758508914102,35.5119825708061,0.8436051513029017,0.6551724137931034,7.043407043407053
832225.BJ,20230809,20230810,12.34,10,20230823,11.26,-8.752025931928687,1.2155591572123203,-9.238249594813619,35.5119825708061,0.8436051513029017,0.6551724137931034,7.043407043407053
832225.BJ,20230809,20230810,12.34,20,20230906,13.42,8.752025931928697,22.77147487844409,-13.3711507293355,35.5119825708061,0.8436051513029017,0.6551724137931034,7.043407043407053
832225.BJ,20230809,20230810,12.34,60,20231109,14.17,14.829821717990278,22.77147487844409,-13.3711507293355,35.5119825708061,0.8436051513029017,0.6551724137931034,7.043407043407053
