trade_date,nav,period_return_pct,positions
20260106,0.98828408,-1.0231,5
20260107,0.98546218,-1.3057,5
20260108,0.98790165,-1.0614,5
20260109,1.0020978,0.3603,5
20260112,1.01347231,1.4995,5
20260113,0.97230659,-2.6233,5
20260114,0.94269913,-5.5885,5
20260115,0.93579316,-6.2801,5
20260116,0.94008591,-5.8502,5
20260119,0.95292158,-4.5647,5
20260120,0.95650152,-4.2062,5
20260121,0.95527526,-4.329,5
20260122,0.9517565,-4.6814,5
20260123,0.97249893,-2.604,5
20260126,0.95368637,-4.4881,5
20260127,0.94420593,-5.4376,5
20260128,0.9301798,-6.8423,5
20260129,0.91271462,-8.5914,5
20260130,0.90740959,-9.1227,5
20260202,0.87739421,-12.1288,5
20260203,0.88719462,0.1566,5
20260204,0.88254977,-0.3678,5
20260205,0.88192376,-0.4384,5
20260206,0.89609351,1.1612,5
20260209,0.89487823,1.024,5
20260210,0.91864978,3.7076,5
20260211,0.92623633,4.5641,5
20260212,0.91110856,2.8563,5
20260213,0.91561509,3.365,5
20260224,0.92653776,4.5981,5
20260225,0.93154983,5.1639,5
20260226,0.96148695,8.5436,5
20260227,0.98915907,11.6675,5
20260302,0.96040733,8.4217,5
20260303,0.92369384,4.277,5
20260304,0.92640818,4.5835,5
20260305,0.96200436,8.602,5
20260306,0.97975358,10.6057,5
20260309,1.00007057,12.8993,5
20260310,1.02441576,15.6477,5
20260311,1.00732884,-1.3281,5
20260312,1.01075284,-0.9927,5
20260313,0.99541319,-2.4953,5
20260316,0.97972587,-4.032,5
20260317,0.95980214,-5.9836,5
20260318,0.97060266,-4.9256,5
20260319,0.95333981,-6.6166,5
20260320,0.9248354,-9.4087,5
20260323,0.86676516,-15.0969,5
20260324,0.89349192,-12.4789,5
20260325,0.89830411,-12.0075,5
20260326,0.88149326,-13.6542,5
20260327,0.88486052,-13.3244,5
20260330,0.88793756,-13.023,5
20260331,0.87284195,-14.5017,5
