signal_date,entry_date,rank,ts_code,name,score,momentum_pct,volatility_pct,drawdown_pct,avg_amount
20260105,20260106,1,002558.SZ,巨人网络集团股份有限公司,119.4082,132.2372,42.2651,-15.0847,1468862.15
20260105,20260106,2,301227.SZ,哈尔滨森鹰窗业股份有限公司,81.5058,94.3333,41.7277,-15.9706,76900.4617
20260105,20260106,3,600801.SH,华新水泥股份有限公司,68.5643,80.0,38.5631,-11.9658,331923.0167
20260105,20260106,4,300909.SZ,深圳市汇创达科技股份有限公司,64.4875,76.6187,42.3319,-10.3212,209181.51
20260105,20260106,5,002600.SZ,广东领益智造股份有限公司,62.1179,75.2675,40.7766,-19.7035,3224497.6667
20260105,20260106,6,603196.SH,日播时尚集团股份有限公司,54.5479,66.6228,40.7673,-12.5533,95892.6633
20260105,20260106,7,601899.SH,紫金矿业集团股份有限公司,53.0616,64.4695,39.3056,-10.5431,7167077.0
20260105,20260106,8,002532.SZ,天山铝业集团股份有限公司,50.4125,63.5697,44.3243,-13.8408,779349.6
20260105,20260106,9,300931.SZ,通用电梯股份有限公司,50.1054,59.1865,30.0961,-10.3806,51770.3933
20260105,20260106,10,600288.SH,大恒新纪元科技股份有限公司,49.817,60.2384,33.2,-14.1426,223222.2633
20260105,20260106,11,000893.SZ,亚钾国际投资(广州)股份有限公司,48.9946,59.1661,35.9976,-7.8143,406005.4833
20260105,20260106,12,300991.SZ,深圳市创益通技术股份有限公司,47.7053,60.0667,38.5315,-18.1901,113952.62
20260105,20260106,13,300376.SZ,易事特集团股份有限公司,46.5013,59.2493,39.8914,-18.5015,152263.765
20260105,20260106,14,300635.SZ,中达安股份有限公司,44.8699,57.2356,40.242,-15.3681,73769.8333
20260105,20260106,15,605305.SH,中际联合(北京)科技股份有限公司,42.9695,55.742,41.0314,-16.7642,319480.8333
20260105,20260106,16,600141.SH,湖北兴发化工集团股份有限公司,41.2889,53.897,41.8538,-14.2978,843816.6333
20260105,20260106,17,601168.SH,西部矿业股份有限公司,39.7472,51.4804,40.1535,-11.2988,1090636.8167
20260105,20260106,18,002429.SZ,深圳市兆驰股份有限公司,39.4978,51.4874,41.2515,-11.1782,507213.4333
20260105,20260106,19,300596.SZ,天津利安隆新材料股份有限公司,37.9267,49.7341,40.2083,-11.7026,228044.945
20260105,20260106,20,000933.SZ,河南神火煤电股份有限公司,37.9217,50.3497,42.5984,-11.8557,1239388.1
20260202,20260203,1,605298.SH,江苏必得科技股份有限公司,170.8551,181.4735,35.6276,-11.4104,89943.2767
20260202,20260203,2,002082.SZ,万邦德医药控股集团股份有限公司,92.6251,106.8513,44.913,-19.9864,196243.3383
20260202,20260203,3,300909.SZ,深圳市汇创达科技股份有限公司,69.9518,82.5758,43.116,-12.2996,221219.7433
20260202,20260203,4,002214.SZ,浙江大立科技股份有限公司,67.9006,80.0952,39.139,-16.0656,78173.4067
20260202,20260203,5,300137.SZ,河北先河环保科技股份有限公司,66.0522,78.2007,42.4239,-10.2837,172262.8033
20260202,20260203,6,601689.SH,宁波拓普集团股份有限公司,62.865,75.3815,40.4784,-15.9794,2578407.6167
20260202,20260203,7,603699.SH,苏州纽威阀门股份有限公司,62.216,73.6358,38.4678,-12.0189,289109.9833
20260202,20260203,8,002918.SZ,蒙娜丽莎集团股份有限公司,58.8306,70.2128,36.3493,-15.2992,101064.9017
20260202,20260203,9,002871.SZ,青岛伟隆阀门股份有限公司,58.6029,69.9539,38.1473,-12.0948,86027.38
20260202,20260203,10,000933.SZ,河南神火煤电股份有限公司,53.6697,66.9795,44.7107,-14.214,1248962.9167
20260202,20260203,11,002895.SZ,贵州川恒化工股份有限公司,50.9025,62.9018,40.6476,-12.2496,534182.7333
20260202,20260203,12,000893.SZ,亚钾国际投资(广州)股份有限公司,48.9886,61.3445,41.5665,-13.0956,543409.1667
20260202,20260203,13,002487.SZ,大金重工股份有限公司,45.3029,58.7325,44.6256,-15.1546,951412.4167
20260202,20260203,14,002448.SZ,中原内配集团股份有限公司,44.5177,56.1837,37.278,-15.6434,277483.45
20260202,20260203,15,600346.SH,恒力石化股份有限公司,43.5922,56.321,44.767,-10.2468,727687.5
20260202,20260203,16,002270.SZ,华明电力装备股份有限公司,42.4406,54.9577,41.4514,-14.3617,387916.1833
20260202,20260203,17,601233.SH,桐昆集团股份有限公司,41.8834,54.3956,43.3321,-11.1945,583048.95
20260202,20260203,18,000923.SZ,河钢资源股份有限公司,41.7964,54.2569,42.3474,-12.4905,349623.25
20260202,20260203,19,001226.SZ,安徽拓山重工股份有限公司,41.71,52.9289,40.647,-7.0472,86874.0383
20260202,20260203,20,000672.SZ,甘肃上峰水泥股份有限公司,41.2356,51.6841,37.4763,-7.1958,246567.905
20260310,20260311,1,605298.SH,江苏必得科技股份有限公司,120.3531,132.0711,40.0259,-11.4104,97201.44
20260310,20260311,2,002047.SZ,深圳市宝鹰建设控股集团股份有限公司,105.1323,116.6667,39.5131,-11.0403,104577.51
20260310,20260311,3,300096.SZ,易联众信息技术股份有限公司,91.048,102.5641,40.7661,-8.8305,56911.93
20260310,20260311,4,002871.SZ,青岛伟隆阀门股份有限公司,68.3959,79.0528,37.1348,-9.1549,84430.4683
20260310,20260311,5,603699.SH,苏州纽威阀门股份有限公司,60.6188,73.6161,44.6716,-12.1959,310030.3167
20260310,20260311,6,600568.SH,中珠医疗控股股份有限公司,55.2899,66.4634,36.273,-14.0351,66513.7717
20260310,20260311,7,300889.SZ,深圳爱克莱特科技股份有限公司,51.591,63.4076,36.5261,-17.9007,192835.8783
20260310,20260311,8,000672.SZ,甘肃上峰水泥股份有限公司,51.1745,63.544,42.6428,-11.3924,329740.395
20260310,20260311,9,002586.SZ,浙江省围海建设集团股份有限公司,48.5667,57.6159,32.1887,-6.6802,51916.935
20260310,20260311,10,300137.SZ,河北先河环保科技股份有限公司,48.2553,61.5873,44.8175,-14.1844,221993.955
20260310,20260311,11,002043.SZ,德华兔宝宝装饰新材股份有限公司,45.4486,57.2421,41.1465,-10.0457,164781.94
20260310,20260311,12,002782.SZ,深圳可立克科技股份有限公司,45.4113,58.3791,43.9999,-13.1188,317862.9833
20260310,20260311,14,002256.SZ,深圳市兆新能源股份有限公司,43.7448,55.9829,42.5076,-10.7417,343960.9667
20260310,20260311,15,000007.SZ,深圳市全新好股份有限公司,40.8297,53.7063,44.3141,-11.9869,126540.5733
20260310,20260311,16,300005.SZ,探路者控股集团股份有限公司,40.5556,51.5284,39.7138,-6.9625,481008.0333
20260310,20260311,17,603659.SH,上海璞泰来新能源科技股份有限公司,39.4641,49.8337,34.6809,-11.3296,892264.7
20260310,20260311,18,603098.SH,森特士兴集团股份有限公司,39.1015,47.7598,29.5116,-8.5358,99830.8117
20260310,20260311,19,002895.SZ,贵州川恒化工股份有限公司,38.0091,51.0188,44.581,-12.4294,502304.0
20260310,20260311,20,600388.SH,福建龙净环保股份有限公司,36.0711,45.2303,32.3077,-7.2153,274240.3117
